order_id,customer_id,order_date,product_category,product_name,quantity,unit_price,line_total,payment_method,is_discount_used,channel
ORD0001,C0026,2024-10-08,配件,水杯,5,44.3,221.5,微信支付,是,APP
ORD0001,C0026,2024-10-08,盲盒,哈利波特盲盒,2,122.1,244.2,微信支付,是,APP
ORD0002,C0617,2024-01-28,手办,明日香手办,5,333.52,1667.6,银行卡,否,APP
ORD0002,C0617,2024-01-28,盲盒,迪士尼盲盒,4,76.48,305.92,银行卡,否,APP
ORD0002,C0617,2024-01-28,手办,悟空手办,3,330.44,991.32,银行卡,否,APP
ORD0002,C0617,2024-01-28,服饰,围巾,3,95.19,285.57,银行卡,否,APP
ORD0002,C0617,2024-01-28,配件,耳机壳,1,30.33,30.33,银行卡,否,APP
ORD0003,C0550,2024-05-07,配件,台灯,1,117.28,117.28,支付宝,否,APP
ORD0003,C0550,2024-05-07,手办,绫波丽手办,1,352.38,352.38,支付宝,否,APP
ORD0003,C0550,2024-05-07,盲盒,潘神盲盒,3,78.26,234.78,支付宝,否,APP
ORD0003,C0550,2024-05-07,周边,明信片,3,14.57,43.71,支付宝,否,APP
ORD0004,C0687,2024-09-30,配件,台灯,2,128.03,256.06,银行卡,否,线下
ORD0004,C0687,2024-09-30,周边,海报,2,46.66,93.32,银行卡,否,线下
ORD0004,C0687,2024-09-30,盲盒,Bunny盲盒,1,73.21,73.21,银行卡,否,线下
ORD0005,C0411,2024-10-01,手办,明日香手办,4,375.85,1503.4,微信支付,否,APP
ORD0005,C0411,2024-10-01,服饰,睡衣,3,147.54,442.62,微信支付,否,APP
ORD0005,C0411,2024-10-01,配件,鼠标垫,3,36.73,110.19,微信支付,否,APP
ORD0005,C0411,2024-10-01,服饰,袜子套装,4,47.65,190.6,微信支付,否,APP
ORD0006,C0142,2025-06-05,手办,佐助手办,4,263.99,1055.96,支付宝,否,APP
ORD0006,C0142,2025-06-05,服饰,运动鞋,5,438.59,2192.95,支付宝,否,APP
ORD0007,C0542,2024-09-14,配件,耳机壳,3,26.75,80.25,银行卡,否,APP
ORD0007,C0542,2024-09-14,服饰,睡衣,4,143.2,572.8,银行卡,否,APP
ORD0008,C0740,2024-09-26,周边,海报,5,42.29,211.45,银行卡,否,APP
ORD0008,C0740,2024-09-26,周边,明信片,5,16.36,81.8,银行卡,否,APP
ORD0009,C0945,2025-06-27,盲盒,Yuki盲盒,3,55.93,167.79,微信支付,否,线下
ORD0009,C0945,2025-06-27,手办,海贼王手办,1,237.54,237.54,微信支付,否,线下
ORD0010,C0498,2024-03-11,配件,蓝牙音箱,3,200.1,600.3,银行卡,是,APP
ORD0010,C0498,2024-03-11,配件,手机壳,2,53.2,106.4,银行卡,是,APP
ORD0010,C0498,2024-03-11,手办,绫波丽手办,4,361.58,1446.32,银行卡,是,APP
ORD0010,C0498,2024-03-11,周边,钥匙扣,5,28.72,143.6,银行卡,是,APP
ORD0010,C0498,2024-03-11,手办,悟空手办,1,347.37,347.37,银行卡,是,APP
ORD0011,C0603,2025-07-21,盲盒,Bunny盲盒,1,74.59,74.59,微信支付,是,线下
ORD0011,C0603,2025-07-21,周边,帆布包,5,74.86,374.3,微信支付,是,线下
ORD0012,C0686,2025-05-12,手办,明日香手办,4,327.39,1309.56,微信支付,是,线下
ORD0012,C0686,2025-05-12,盲盒,潘神盲盒,3,77.79,233.37,微信支付,是,线下
ORD0012,C0686,2025-05-12,服饰,拖鞋,1,62.94,62.94,微信支付,是,线下
ORD0012,C0686,2025-05-12,周边,帆布包,2,74.13,148.26,微信支付,是,线下
ORD0012,C0686,2025-05-12,配件,充电宝,2,97.45,194.9,微信支付,是,线下
ORD0013,C0286,2025-04-18,盲盒,海贼王盲盒,1,97.35,97.35,微信支付,否,APP
ORD0013,C0286,2025-04-18,手办,佐助手办,4,258.26,1033.04,微信支付,否,APP
ORD0014,C0219,2025-02-14,周边,钥匙扣,3,28.55,85.65,微信支付,否,APP
ORD0014,C0219,2025-02-14,配件,充电宝,2,92.86,185.72,微信支付,否,APP
ORD0014,C0219,2025-02-14,手办,柯南手办,5,313.1,1565.5,微信支付,否,APP
ORD0014,C0219,2025-02-14,盲盒,Yuki盲盒,1,53.69,53.69,微信支付,否,APP
ORD0014,C0219,2025-02-14,服饰,帽子,5,73.59,367.95,微信支付,否,APP
ORD0015,C0984,2025-06-04,手办,高达模型,1,325.41,325.41,微信支付,是,APP
ORD0015,C0984,2025-06-04,配件,台灯,5,131.44,657.2,微信支付,是,APP
ORD0016,C0635,2024-03-24,周边,冰箱贴,3,18.01,54.03,支付宝,否,线下
ORD0016,C0635,2024-03-24,服饰,睡衣,3,157.64,472.92,支付宝,否,线下
ORD0016,C0635,2024-03-24,盲盒,Molly系列盲盒,4,91.16,364.64,支付宝,否,线下
ORD0016,C0635,2024-03-24,配件,水杯,1,45.34,45.34,支付宝,否,线下
ORD0017,C0519,2024-09-28,周边,文件夹,2,34.57,69.14,微信支付,否,小程序
ORD0017,C0519,2024-09-28,配件,耳机壳,5,31.81,159.05,微信支付,否,小程序
ORD0017,C0519,2024-09-28,配件,雨伞,5,56.63,283.15,微信支付,否,小程序
ORD0018,C0680,2024-04-16,配件,蓝牙音箱,3,190.31,570.93,微信支付,是,小程序
ORD0018,C0680,2024-04-16,手办,蕾姆手办,2,413.96,827.92,微信支付,是,小程序
ORD0019,C0874,2024-09-27,盲盒,潘神盲盒,3,71.8,215.4,银行卡,是,小程序
ORD0019,C0874,2024-09-27,周边,明信片,3,13.98,41.94,银行卡,是,小程序
ORD0020,C0453,2025-07-18,盲盒,迪士尼盲盒,5,71.67,358.35,银行卡,否,小程序
ORD0020,C0453,2025-07-18,周边,T恤,5,92.03,460.15,银行卡,否,小程序
ORD0021,C0131,2024-02-12,周边,冰箱贴,2,19.63,39.26,支付宝,否,小程序
ORD0021,C0131,2024-02-12,周边,海报,4,49.26,197.04,支付宝,否,小程序
ORD0022,C0768,2024-06-07,服饰,拖鞋,2,72.26,144.52,微信支付,否,APP
ORD0022,C0768,2024-06-07,周边,胶带,2,26.69,53.38,微信支付,否,APP
ORD0022,C0768,2024-06-07,盲盒,潘神盲盒,1,84.67,84.67,微信支付,否,APP
ORD0023,C0228,2024-07-23,手办,柯南手办,2,292.93,585.86,支付宝,否,小程序
ORD0023,C0228,2024-07-23,周边,帆布包,3,76.65,229.95,支付宝,否,小程序
ORD0023,C0228,2024-07-23,配件,手机壳,5,47.35,236.75,支付宝,否,小程序
ORD0024,C0029,2024-04-28,盲盒,哈利波特盲盒,5,127.31,636.55,支付宝,否,APP
ORD0024,C0029,2024-04-28,周边,胶带,5,30.71,153.55,支付宝,否,APP
ORD0024,C0029,2024-04-28,盲盒,潘神盲盒,5,74.1,370.5,支付宝,否,APP
ORD0024,C0029,2024-04-28,盲盒,潘神盲盒,1,79.31,79.31,支付宝,否,APP
ORD0025,C0826,2025-07-05,周边,胶带,1,30.51,30.51,银行卡,否,线下
ORD0025,C0826,2025-07-05,周边,T恤,3,102.24,306.72,银行卡,否,线下
ORD0025,C0826,2025-07-05,盲盒,Labubu系列盲盒,5,95.22,476.1,银行卡,否,线下
ORD0026,C0419,2024-11-30,手办,高达模型,4,309.6,1238.4,支付宝,是,线下
ORD0026,C0419,2024-11-30,手办,海贼王手办,5,248.69,1243.45,支付宝,是,线下
ORD0026,C0419,2024-11-30,配件,雨伞,3,56.49,169.47,支付宝,是,线下
ORD0027,C0441,2025-08-16,服饰,卫衣,5,197.93,989.65,银行卡,否,线下
ORD0027,C0441,2025-08-16,手办,皮卡丘手办,3,400.23,1200.69,银行卡,否,线下
ORD0027,C0441,2025-08-16,配件,背包,1,275.49,275.49,银行卡,否,线下
ORD0027,C0441,2025-08-16,手办,绫波丽手办,2,349.17,698.34,银行卡,否,线下
ORD0027,C0441,2025-08-16,手办,柯南手办,1,283.74,283.74,银行卡,否,线下
ORD0028,C0487,2025-09-17,服饰,斜挎包,4,122.39,489.56,微信支付,否,小程序
ORD0028,C0487,2025-09-17,盲盒,哈利波特盲盒,4,121.75,487.0,微信支付,否,小程序
ORD0028,C0487,2025-09-17,配件,充电宝,1,100.14,100.14,微信支付,否,小程序
ORD0029,C0940,2024-05-04,服饰,袜子套装,5,48.28,241.4,支付宝,否,APP
ORD0029,C0940,2024-05-04,配件,充电宝,2,103.82,207.64,支付宝,否,APP
ORD0029,C0940,2024-05-04,服饰,斜挎包,3,135.5,406.5,支付宝,否,APP
ORD0029,C0940,2024-05-04,周边,海报,4,46.14,184.56,支付宝,否,APP
ORD0030,C0282,2025-03-26,周边,徽章,5,35.73,178.65,微信支付,是,线下
ORD0030,C0282,2025-03-26,手办,悟空手办,4,372.93,1491.72,微信支付,是,线下
ORD0030,C0282,2025-03-26,手办,皮卡丘手办,4,391.63,1566.52,微信支付,是,线下
ORD0030,C0282,2025-03-26,配件,充电宝,4,90.33,361.32,微信支付,是,线下
ORD0031,C0853,2025-03-06,配件,手机壳,4,44.16,176.64,支付宝,否,线下
ORD0031,C0853,2025-03-06,周边,文件夹,4,37.47,149.88,支付宝,否,线下
ORD0032,C0977,2025-03-05,服饰,卫衣,3,196.45,589.35,银行卡,否,线下
ORD0032,C0977,2025-03-05,盲盒,潘神盲盒,3,81.67,245.01,银行卡,否,线下
ORD0032,C0977,2025-03-05,服饰,睡衣,4,172.34,689.36,银行卡,否,线下
ORD0033,C0638,2025-06-30,盲盒,潘神盲盒,2,84.8,169.6,微信支付,否,小程序
ORD0033,C0638,2025-06-30,手办,柯南手办,3,291.77,875.31,微信支付,否,小程序
ORD0034,C0217,2025-04-10,周边,胶带,3,29.88,89.64,支付宝,否,小程序
ORD0034,C0217,2025-04-10,服饰,拖鞋,5,62.82,314.1,支付宝,否,小程序
ORD0034,C0217,2025-04-10,周边,冰箱贴,1,20.07,20.07,支付宝,否,小程序
ORD0034,C0217,2025-04-10,盲盒,Molly系列盲盒,2,83.65,167.3,支付宝,否,小程序
ORD0034,C0217,2025-04-10,盲盒,火影忍者盲盒,2,65.39,130.78,支付宝,否,小程序
ORD0035,C0485,2025-11-16,周边,徽章,2,39.83,79.66,微信支付,否,线下
ORD0035,C0485,2025-11-16,盲盒,迪士尼盲盒,3,72.81,218.43,微信支付,否,线下
ORD0035,C0485,2025-11-16,盲盒,Labubu系列盲盒,5,102.51,512.55,微信支付,否,线下
ORD0035,C0485,2025-11-16,服饰,运动鞋,2,365.16,730.32,微信支付,否,线下
ORD0035,C0485,2025-11-16,手办,皮卡丘手办,3,426.95,1280.85,微信支付,否,线下
ORD0036,C0615,2024-05-03,周边,帆布包,5,81.33,406.65,银行卡,否,APP
ORD0036,C0615,2024-05-03,盲盒,潘神盲盒,4,72.77,291.08,银行卡,否,APP
ORD0036,C0615,2024-05-03,周边,钥匙扣,2,28.63,57.26,银行卡,否,APP
ORD0036,C0615,2024-05-03,配件,耳机壳,5,30.79,153.95,银行卡,否,APP
ORD0036,C0615,2024-05-03,配件,充电宝,4,97.72,390.88,银行卡,否,APP
ORD0037,C0749,2025-08-29,周边,钥匙扣,2,30.45,60.9,支付宝,否,小程序
ORD0037,C0749,2025-08-29,配件,钥匙扣,4,37.72,150.88,支付宝,否,小程序
ORD0038,C0507,2024-11-28,周边,文件夹,5,36.41,182.05,微信支付,是,小程序
ORD0038,C0507,2024-11-28,周边,海报,1,45.15,45.15,微信支付,是,小程序
ORD0038,C0507,2024-11-28,手办,皮卡丘手办,2,416.56,833.12,微信支付,是,小程序
ORD0038,C0507,2024-11-28,服饰,帽子,2,82.01,164.02,微信支付,是,小程序
ORD0039,C0662,2025-12-29,周边,冰箱贴,4,19.73,78.92,支付宝,否,小程序
ORD0039,C0662,2025-12-29,周边,T恤,3,98.47,295.41,支付宝,否,小程序
ORD0040,C0544,2024-12-18,服饰,牛仔裤,3,246.12,738.36,支付宝,否,线下
ORD0040,C0544,2024-12-18,盲盒,Bunny盲盒,3,63.75,191.25,支付宝,否,线下
ORD0040,C0544,2024-12-18,配件,蓝牙音箱,2,187.71,375.42,支付宝,否,线下
ORD0040,C0544,2024-12-18,服饰,牛仔裤,5,283.69,1418.45,支付宝,否,线下
ORD0041,C0538,2025-09-03,手办,蕾姆手办,2,383.22,766.44,支付宝,否,APP
ORD0041,C0538,2025-09-03,配件,蓝牙音箱,3,180.91,542.73,支付宝,否,APP
ORD0041,C0538,2025-09-03,盲盒,海贼王盲盒,3,92.51,277.53,支付宝,否,APP
ORD0041,C0538,2025-09-03,手办,明日香手办,1,375.02,375.02,支付宝,否,APP
ORD0042,C0588,2024-10-18,盲盒,Labubu系列盲盒,4,91.36,365.44,支付宝,否,小程序
ORD0042,C0588,2024-10-18,盲盒,潘神盲盒,4,72.27,289.08,支付宝,否,小程序
ORD0042,C0588,2024-10-18,盲盒,迪士尼盲盒,2,83.92,167.84,支付宝,否,小程序
ORD0043,C0972,2024-11-07,配件,钥匙扣,5,36.86,184.3,微信支付,是,APP
ORD0043,C0972,2024-11-07,配件,手机壳,4,53.0,212.0,微信支付,是,APP
ORD0043,C0972,2024-11-07,周边,T恤,4,95.15,380.6,微信支付,是,APP
ORD0043,C0972,2024-11-07,配件,雨伞,5,64.43,322.15,微信支付,是,APP
ORD0043,C0972,2024-11-07,盲盒,Bunny盲盒,2,65.75,131.5,微信支付,是,APP
ORD0044,C0084,2024-06-09,盲盒,潘神盲盒,4,81.99,327.96,微信支付,否,APP
ORD0044,C0084,2024-06-09,服饰,牛仔裤,1,245.09,245.09,微信支付,否,APP
ORD0044,C0084,2024-06-09,周边,钥匙扣,1,30.09,30.09,微信支付,否,APP
ORD0045,C0947,2024-09-27,服饰,围巾,5,84.1,420.5,银行卡,否,线下
ORD0045,C0947,2024-09-27,手办,绫波丽手办,2,300.8,601.6,银行卡,否,线下
ORD0045,C0947,2024-09-27,手办,绫波丽手办,5,345.38,1726.9,银行卡,否,线下
ORD0046,C0583,2024-10-22,服饰,牛仔裤,5,261.07,1305.35,支付宝,否,APP
ORD0046,C0583,2024-10-22,服饰,围巾,5,80.81,404.05,支付宝,否,APP
ORD0046,C0583,2024-10-22,服饰,连衣裙,5,284.07,1420.35,支付宝,否,APP
ORD0046,C0583,2024-10-22,盲盒,Bunny盲盒,5,70.2,351.0,支付宝,否,APP
ORD0047,C0022,2025-11-19,服饰,帽子,4,85.57,342.28,支付宝,是,线下
ORD0047,C0022,2025-11-19,手办,海贼王手办,4,265.98,1063.92,支付宝,是,线下
ORD0047,C0022,2025-11-19,服饰,围巾,4,86.29,345.16,支付宝,是,线下
ORD0048,C0342,2024-11-24,服饰,斜挎包,3,133.19,399.57,银行卡,否,APP
ORD0048,C0342,2024-11-24,服饰,帽子,1,78.29,78.29,银行卡,否,APP
ORD0048,C0342,2024-11-24,周边,文件夹,3,32.31,96.93,银行卡,否,APP
ORD0048,C0342,2024-11-24,服饰,帽子,1,81.49,81.49,银行卡,否,APP
ORD0049,C0556,2025-04-18,配件,充电宝,4,104.15,416.6,支付宝,是,APP
ORD0049,C0556,2025-04-18,手办,绫波丽手办,5,304.72,1523.6,支付宝,是,APP
ORD0049,C0556,2025-04-18,周边,钥匙扣,4,26.8,107.2,支付宝,是,APP
ORD0049,C0556,2025-04-18,配件,台灯,2,124.12,248.24,支付宝,是,APP
ORD0050,C0015,2025-07-19,服饰,围巾,2,88.97,177.94,支付宝,是,APP
ORD0050,C0015,2025-07-19,周边,海报,3,44.24,132.72,支付宝,是,APP
ORD0051,C0495,2025-04-28,手办,海贼王手办,5,271.76,1358.8,微信支付,否,小程序
ORD0051,C0495,2025-04-28,手办,皮卡丘手办,3,420.76,1262.28,微信支付,否,小程序
ORD0051,C0495,2025-04-28,服饰,连衣裙,5,285.08,1425.4,微信支付,否,小程序
ORD0051,C0495,2025-04-28,盲盒,Labubu系列盲盒,3,105.68,317.04,微信支付,否,小程序
ORD0051,C0495,2025-04-28,配件,充电宝,2,97.94,195.88,微信支付,否,小程序
ORD0052,C0496,2024-12-19,服饰,连衣裙,2,327.75,655.5,支付宝,否,线下
ORD0052,C0496,2024-12-19,手办,海贼王手办,4,245.2,980.8,支付宝,否,线下
ORD0052,C0496,2024-12-19,服饰,拖鞋,3,72.38,217.14,支付宝,否,线下
ORD0052,C0496,2024-12-19,服饰,运动鞋,2,398.63,797.26,支付宝,否,线下
ORD0052,C0496,2024-12-19,盲盒,迪士尼盲盒,5,86.35,431.75,支付宝,否,线下
ORD0053,C0340,2024-04-12,盲盒,迪士尼盲盒,4,84.86,339.44,支付宝,否,APP
ORD0053,C0340,2024-04-12,手办,皮卡丘手办,4,421.47,1685.88,支付宝,否,APP
ORD0053,C0340,2024-04-12,周边,徽章,5,40.5,202.5,支付宝,否,APP
ORD0053,C0340,2024-04-12,盲盒,Yuki盲盒,5,57.58,287.9,支付宝,否,APP
ORD0053,C0340,2024-04-12,周边,钥匙扣,5,26.31,131.55,支付宝,否,APP
ORD0054,C0071,2024-08-28,盲盒,潘神盲盒,1,83.11,83.11,银行卡,否,线下
ORD0054,C0071,2024-08-28,盲盒,A仔盲盒,2,50.9,101.8,银行卡,否,线下
ORD0054,C0071,2024-08-28,盲盒,Molly系列盲盒,3,94.27,282.81,银行卡,否,线下
ORD0055,C0301,2025-01-02,配件,蓝牙音箱,2,186.07,372.14,支付宝,是,小程序
ORD0055,C0301,2025-01-02,配件,手机壳,5,50.79,253.95,支付宝,是,小程序
ORD0055,C0301,2025-01-02,服饰,袜子套装,2,46.38,92.76,支付宝,是,小程序
ORD0055,C0301,2025-01-02,周边,钥匙扣,3,29.97,89.91,支付宝,是,小程序
ORD0055,C0301,2025-01-02,服饰,牛仔裤,5,241.28,1206.4,支付宝,是,小程序
ORD0056,C0453,2024-12-19,周边,钥匙扣,3,27.26,81.78,银行卡,否,小程序
ORD0056,C0453,2024-12-19,服饰,斜挎包,1,122.22,122.22,银行卡,否,小程序
ORD0056,C0453,2024-12-19,配件,背包,5,248.43,1242.15,银行卡,否,小程序
ORD0056,C0453,2024-12-19,周边,书签,4,23.87,95.48,银行卡,否,小程序
ORD0056,C0453,2024-12-19,配件,雨伞,5,61.89,309.45,银行卡,否,小程序
ORD0057,C0853,2024-10-20,手办,海贼王手办,3,268.21,804.63,微信支付,否,线下
ORD0057,C0853,2024-10-20,手办,皮卡丘手办,1,383.75,383.75,微信支付,否,线下
ORD0057,C0853,2024-10-20,服饰,拖鞋,5,67.14,335.7,微信支付,否,线下
ORD0058,C0135,2024-04-02,手办,佐助手办,5,278.5,1392.5,支付宝,否,小程序
ORD0058,C0135,2024-04-02,周边,海报,5,48.72,243.6,支付宝,否,小程序
ORD0058,C0135,2024-04-02,手办,绫波丽手办,4,359.75,1439.0,支付宝,否,小程序
ORD0059,C0303,2024-12-12,手办,高达模型,5,290.97,1454.85,微信支付,否,小程序
ORD0059,C0303,2024-12-12,服饰,拖鞋,3,69.5,208.5,微信支付,否,小程序
ORD0059,C0303,2024-12-12,服饰,连衣裙,3,304.06,912.18,微信支付,否,小程序
ORD0060,C0843,2025-10-15,盲盒,火影忍者盲盒,5,66.63,333.15,支付宝,否,APP
ORD0060,C0843,2025-10-15,配件,台灯,1,132.49,132.49,支付宝,否,APP
ORD0060,C0843,2025-10-15,服饰,牛仔裤,4,239.14,956.56,支付宝,否,APP
ORD0060,C0843,2025-10-15,盲盒,Molly系列盲盒,3,97.83,293.49,支付宝,否,APP
ORD0060,C0843,2025-10-15,盲盒,哈利波特盲盒,2,138.99,277.98,支付宝,否,APP
ORD0061,C0139,2025-02-01,配件,蓝牙音箱,4,205.17,820.68,支付宝,否,小程序
ORD0061,C0139,2025-02-01,服饰,袜子套装,4,53.3,213.2,支付宝,否,小程序
ORD0061,C0139,2025-02-01,周边,书签,3,23.59,70.77,支付宝,否,小程序
ORD0061,C0139,2025-02-01,服饰,卫衣,3,183.05,549.15,支付宝,否,小程序
ORD0061,C0139,2025-02-01,周边,海报,3,41.04,123.12,支付宝,否,小程序
ORD0062,C0283,2024-07-13,配件,雨伞,1,62.38,62.38,微信支付,是,小程序
ORD0062,C0283,2024-07-13,手办,佐助手办,5,243.73,1218.65,微信支付,是,小程序
ORD0062,C0283,2024-07-13,配件,台灯,5,121.67,608.35,微信支付,是,小程序
ORD0063,C0891,2024-08-26,周边,明信片,2,15.12,30.24,支付宝,否,APP
ORD0063,C0891,2024-08-26,手办,皮卡丘手办,1,369.62,369.62,支付宝,否,APP
ORD0064,C0367,2024-08-31,盲盒,迪士尼盲盒,4,79.41,317.64,银行卡,是,小程序
ORD0064,C0367,2024-08-31,盲盒,A仔盲盒,4,51.72,206.88,银行卡,是,小程序
ORD0064,C0367,2024-08-31,配件,钥匙扣,1,38.63,38.63,银行卡,是,小程序
ORD0064,C0367,2024-08-31,手办,海贼王手办,1,270.77,270.77,银行卡,是,小程序
ORD0065,C0931,2025-11-05,盲盒,A仔盲盒,4,48.28,193.12,银行卡,否,小程序
ORD0065,C0931,2025-11-05,盲盒,A仔盲盒,4,44.82,179.28,银行卡,否,小程序
ORD0066,C0083,2024-11-25,配件,钥匙扣,5,40.65,203.25,银行卡,是,APP
ORD0066,C0083,2024-11-25,服饰,袜子套装,5,46.99,234.95,银行卡,是,APP
ORD0066,C0083,2024-11-25,配件,钥匙扣,4,35.87,143.48,银行卡,是,APP
ORD0066,C0083,2024-11-25,盲盒,海贼王盲盒,2,87.76,175.52,银行卡,是,APP
ORD0067,C0910,2024-08-21,服饰,围巾,3,87.7,263.1,支付宝,否,小程序
ORD0067,C0910,2024-08-21,周边,徽章,2,40.46,80.92,支付宝,否,小程序
ORD0067,C0910,2024-08-21,服饰,围巾,1,94.91,94.91,支付宝,否,小程序
ORD0067,C0910,2024-08-21,盲盒,潘神盲盒,1,82.86,82.86,支付宝,否,小程序
ORD0067,C0910,2024-08-21,周边,明信片,5,13.68,68.4,支付宝,否,小程序
ORD0068,C0980,2025-07-29,周边,胶带,1,30.62,30.62,银行卡,否,小程序
ORD0068,C0980,2025-07-29,配件,耳机壳,3,26.7,80.1,银行卡,否,小程序
ORD0068,C0980,2025-07-29,配件,台灯,2,133.04,266.08,银行卡,否,小程序
ORD0068,C0980,2025-07-29,手办,皮卡丘手办,3,426.56,1279.68,银行卡,否,小程序
ORD0068,C0980,2025-07-29,周边,帆布包,3,80.17,240.51,银行卡,否,小程序
ORD0069,C0827,2025-03-15,配件,耳机壳,1,27.15,27.15,银行卡,否,线下
ORD0069,C0827,2025-03-15,周边,徽章,3,35.15,105.45,银行卡,否,线下
ORD0070,C0891,2024-05-26,盲盒,哈利波特盲盒,5,121.65,608.25,银行卡,否,线下
ORD0070,C0891,2024-05-26,服饰,斜挎包,3,120.16,360.48,银行卡,否,线下
ORD0070,C0891,2024-05-26,周边,徽章,5,39.75,198.75,银行卡,否,线下
ORD0071,C0905,2024-02-23,盲盒,Labubu系列盲盒,4,102.21,408.84,微信支付,否,APP
ORD0071,C0905,2024-02-23,服饰,袜子套装,4,48.16,192.64,微信支付,否,APP
ORD0072,C0221,2025-06-08,配件,充电宝,5,102.31,511.55,微信支付,否,小程序
ORD0072,C0221,2025-06-08,盲盒,Bunny盲盒,4,75.69,302.76,微信支付,否,小程序
ORD0072,C0221,2025-06-08,盲盒,Molly系列盲盒,2,85.47,170.94,微信支付,否,小程序
ORD0072,C0221,2025-06-08,手办,佐助手办,3,248.09,744.27,微信支付,否,小程序
ORD0073,C0123,2024-01-08,服饰,帽子,2,79.0,158.0,支付宝,否,线下
ORD0073,C0123,2024-01-08,周边,帆布包,4,84.72,338.88,支付宝,否,线下
ORD0073,C0123,2024-01-08,盲盒,潘神盲盒,1,78.36,78.36,支付宝,否,线下
ORD0074,C0080,2024-11-16,周边,帆布包,4,71.43,285.72,银行卡,否,小程序
ORD0074,C0080,2024-11-16,周边,明信片,5,14.88,74.4,银行卡,否,小程序
ORD0074,C0080,2024-11-16,周边,帆布包,4,84.44,337.76,银行卡,否,小程序
ORD0074,C0080,2024-11-16,手办,高达模型,5,293.05,1465.25,银行卡,否,小程序
ORD0074,C0080,2024-11-16,盲盒,潘神盲盒,3,82.88,248.64,银行卡,否,小程序
ORD0075,C0227,2024-12-07,配件,鼠标垫,2,37.84,75.68,微信支付,否,APP
ORD0075,C0227,2024-12-07,周边,徽章,2,36.94,73.88,微信支付,否,APP
ORD0076,C0150,2024-09-19,手办,明日香手办,4,366.76,1467.04,微信支付,否,APP
ORD0076,C0150,2024-09-19,配件,充电宝,5,101.83,509.15,微信支付,否,APP
ORD0077,C0640,2024-11-26,服饰,斜挎包,3,136.65,409.95,银行卡,是,小程序
ORD0077,C0640,2024-11-26,配件,雨伞,3,59.09,177.27,银行卡,是,小程序
ORD0078,C0318,2025-04-17,盲盒,哈利波特盲盒,5,131.43,657.15,支付宝,是,APP
ORD0078,C0318,2025-04-17,服饰,斜挎包,5,130.4,652.0,支付宝,是,APP
ORD0078,C0318,2025-04-17,盲盒,A仔盲盒,5,50.49,252.45,支付宝,是,APP
ORD0078,C0318,2025-04-17,周边,T恤,4,99.03,396.12,支付宝,是,APP
ORD0079,C0981,2024-03-04,盲盒,海贼王盲盒,2,80.8,161.6,支付宝,否,APP
ORD0079,C0981,2024-03-04,服饰,斜挎包,5,129.59,647.95,支付宝,否,APP
ORD0079,C0981,2024-03-04,手办,蕾姆手办,3,432.35,1297.05,支付宝,否,APP
ORD0079,C0981,2024-03-04,服饰,运动鞋,3,413.28,1239.84,支付宝,否,APP
ORD0080,C0054,2025-10-08,配件,手机壳,3,46.57,139.71,银行卡,是,小程序
ORD0080,C0054,2025-10-08,配件,蓝牙音箱,3,182.34,547.02,银行卡,是,小程序
ORD0081,C0680,2024-05-24,手办,海贼王手办,1,249.14,249.14,支付宝,否,小程序
ORD0081,C0680,2024-05-24,服饰,连衣裙,2,309.17,618.34,支付宝,否,小程序
ORD0081,C0680,2024-05-24,配件,水杯,4,45.08,180.32,支付宝,否,小程序
ORD0081,C0680,2024-05-24,盲盒,Yuki盲盒,3,55.23,165.69,支付宝,否,小程序
ORD0081,C0680,2024-05-24,手办,蕾姆手办,4,374.42,1497.68,支付宝,否,小程序
ORD0082,C0141,2024-06-07,配件,鼠标垫,5,31.76,158.8,微信支付,否,小程序
ORD0082,C0141,2024-06-07,周边,T恤,2,100.93,201.86,微信支付,否,小程序
ORD0083,C0158,2024-06-15,服饰,拖鞋,4,67.13,268.52,微信支付,否,线下
ORD0083,C0158,2024-06-15,手办,明日香手办,5,333.99,1669.95,微信支付,否,线下
ORD0083,C0158,2024-06-15,服饰,卫衣,5,188.62,943.1,微信支付,否,线下
ORD0084,C0989,2025-04-25,服饰,牛仔裤,4,259.15,1036.6,微信支付,否,小程序
ORD0084,C0989,2025-04-25,服饰,睡衣,2,168.58,337.16,微信支付,否,小程序
ORD0084,C0989,2025-04-25,手办,绫波丽手办,1,338.29,338.29,微信支付,否,小程序
ORD0084,C0989,2025-04-25,周边,海报,1,46.9,46.9,微信支付,否,小程序
ORD0084,C0989,2025-04-25,配件,水杯,3,41.25,123.75,微信支付,否,小程序
ORD0085,C0165,2024-10-06,盲盒,Bunny盲盒,4,74.31,297.24,支付宝,是,线下
ORD0085,C0165,2024-10-06,盲盒,潘神盲盒,1,77.36,77.36,支付宝,是,线下
ORD0085,C0165,2024-10-06,周边,冰箱贴,4,20.88,83.52,支付宝,是,线下
ORD0085,C0165,2024-10-06,周边,冰箱贴,1,18.31,18.31,支付宝,是,线下
ORD0085,C0165,2024-10-06,盲盒,Yuki盲盒,2,54.72,109.44,支付宝,是,线下
ORD0086,C0294,2025-04-28,服饰,袜子套装,1,52.98,52.98,银行卡,否,APP
ORD0086,C0294,2025-04-28,盲盒,Labubu系列盲盒,2,105.63,211.26,银行卡,否,APP
ORD0086,C0294,2025-04-28,配件,钥匙扣,5,38.4,192.0,银行卡,否,APP
ORD0086,C0294,2025-04-28,周边,冰箱贴,3,17.56,52.68,银行卡,否,APP
ORD0086,C0294,2025-04-28,手办,高达模型,5,296.44,1482.2,银行卡,否,APP
ORD0087,C0114,2025-05-26,手办,绫波丽手办,4,296.2,1184.8,银行卡,是,线下
ORD0087,C0114,2025-05-26,周边,冰箱贴,5,18.68,93.4,银行卡,是,线下
ORD0087,C0114,2025-05-26,盲盒,海贼王盲盒,3,81.3,243.9,银行卡,是,线下
ORD0088,C0539,2025-07-11,服饰,拖鞋,4,75.64,302.56,银行卡,否,线下
ORD0088,C0539,2025-07-11,周边,书签,3,26.44,79.32,银行卡,否,线下
ORD0088,C0539,2025-07-11,周边,冰箱贴,1,20.03,20.03,银行卡,否,线下
ORD0088,C0539,2025-07-11,周边,明信片,1,14.56,14.56,银行卡,否,线下
ORD0088,C0539,2025-07-11,周边,明信片,4,16.44,65.76,银行卡,否,线下
ORD0089,C0491,2025-10-08,盲盒,Labubu系列盲盒,2,89.97,179.94,微信支付,是,APP
ORD0089,C0491,2025-10-08,手办,柯南手办,3,324.92,974.76,微信支付,是,APP
ORD0089,C0491,2025-10-08,配件,手机壳,5,48.74,243.7,微信支付,是,APP
ORD0089,C0491,2025-10-08,盲盒,Bunny盲盒,3,67.03,201.09,微信支付,是,APP
ORD0089,C0491,2025-10-08,盲盒,Yuki盲盒,3,54.57,163.71,微信支付,是,APP
ORD0090,C0377,2025-03-23,周边,明信片,4,15.58,62.32,支付宝,否,线下
ORD0090,C0377,2025-03-23,周边,海报,3,47.71,143.13,支付宝,否,线下
ORD0090,C0377,2025-03-23,服饰,围巾,4,90.82,363.28,支付宝,否,线下
ORD0090,C0377,2025-03-23,手办,喷火龙手办,3,269.02,807.06,支付宝,否,线下
ORD0090,C0377,2025-03-23,盲盒,Yuki盲盒,3,56.72,170.16,支付宝,否,线下
ORD0091,C0618,2025-03-12,盲盒,Yuki盲盒,5,64.88,324.4,微信支付,否,线下
ORD0091,C0618,2025-03-12,周边,书签,1,25.86,25.86,微信支付,否,线下
ORD0091,C0618,2025-03-12,服饰,连衣裙,5,317.01,1585.05,微信支付,否,线下
ORD0091,C0618,2025-03-12,手办,柯南手办,2,319.85,639.7,微信支付,否,线下
ORD0091,C0618,2025-03-12,服饰,拖鞋,2,63.03,126.06,微信支付,否,线下
ORD0092,C0798,2025-10-22,配件,蓝牙音箱,4,216.86,867.44,支付宝,否,小程序
ORD0092,C0798,2025-10-22,周边,钥匙扣,1,29.43,29.43,支付宝,否,小程序
ORD0093,C0543,2025-01-10,盲盒,Molly系列盲盒,2,88.98,177.96,支付宝,否,小程序
ORD0093,C0543,2025-01-10,服饰,帽子,1,75.24,75.24,支付宝,否,小程序
ORD0093,C0543,2025-01-10,周边,钥匙扣,2,31.88,63.76,支付宝,否,小程序
ORD0094,C0293,2025-12-11,服饰,睡衣,4,174.81,699.24,支付宝,是,APP
ORD0094,C0293,2025-12-11,周边,徽章,1,39.39,39.39,支付宝,是,APP
ORD0095,C0298,2024-11-03,周边,海报,2,41.59,83.18,微信支付,否,线下
ORD0095,C0298,2024-11-03,手办,佐助手办,2,274.04,548.08,微信支付,否,线下
ORD0095,C0298,2024-11-03,盲盒,Yuki盲盒,5,59.85,299.25,微信支付,否,线下
ORD0096,C0479,2025-07-18,周边,胶带,4,28.14,112.56,微信支付,否,线下
ORD0096,C0479,2025-07-18,服饰,袜子套装,1,45.33,45.33,微信支付,否,线下
ORD0097,C0325,2025-10-19,手办,喷火龙手办,5,261.25,1306.25,微信支付,否,小程序
ORD0097,C0325,2025-10-19,手办,高达模型,5,323.56,1617.8,微信支付,否,小程序
ORD0097,C0325,2025-10-19,盲盒,哈利波特盲盒,5,120.05,600.25,微信支付,否,小程序
ORD0097,C0325,2025-10-19,手办,佐助手办,3,281.52,844.56,微信支付,否,小程序
ORD0098,C0231,2024-12-20,手办,喷火龙手办,3,258.08,774.24,银行卡,否,小程序
ORD0098,C0231,2024-12-20,周边,T恤,5,90.95,454.75,银行卡,否,小程序
ORD0098,C0231,2024-12-20,手办,海贼王手办,5,241.09,1205.45,银行卡,否,小程序
ORD0098,C0231,2024-12-20,配件,钥匙扣,3,41.67,125.01,银行卡,否,小程序
ORD0099,C0578,2024-02-12,手办,海贼王手办,4,265.12,1060.48,微信支付,是,APP
ORD0099,C0578,2024-02-12,盲盒,A仔盲盒,5,46.94,234.7,微信支付,是,APP
ORD0099,C0578,2024-02-12,周边,钥匙扣,2,30.77,61.54,微信支付,是,APP
ORD0099,C0578,2024-02-12,服饰,牛仔裤,4,236.88,947.52,微信支付,是,APP
ORD0100,C0062,2024-06-10,周边,T恤,2,95.29,190.58,支付宝,否,小程序
ORD0100,C0062,2024-06-10,周边,徽章,4,36.12,144.48,支付宝,否,小程序
ORD0100,C0062,2024-06-10,周边,海报,5,41.46,207.3,支付宝,否,小程序
ORD0101,C0248,2025-04-22,盲盒,Molly系列盲盒,3,96.93,290.79,微信支付,否,小程序
ORD0101,C0248,2025-04-22,配件,手机壳,2,53.53,107.06,微信支付,否,小程序
ORD0101,C0248,2025-04-22,手办,蕾姆手办,5,416.65,2083.25,微信支付,否,小程序
ORD0102,C0195,2024-06-12,服饰,拖鞋,1,75.14,75.14,支付宝,否,线下
ORD0102,C0195,2024-06-12,配件,充电宝,2,93.36,186.72,支付宝,否,线下
ORD0102,C0195,2024-06-12,周边,书签,1,23.91,23.91,支付宝,否,线下
ORD0102,C0195,2024-06-12,配件,充电宝,3,99.73,299.19,支付宝,否,线下
ORD0103,C0868,2024-04-20,服饰,连衣裙,1,293.05,293.05,支付宝,否,APP
ORD0103,C0868,2024-04-20,配件,鼠标垫,2,34.04,68.08,支付宝,否,APP
ORD0103,C0868,2024-04-20,周边,帆布包,4,79.07,316.28,支付宝,否,APP
ORD0103,C0868,2024-04-20,配件,耳机壳,5,30.05,150.25,支付宝,否,APP
ORD0104,C0122,2024-05-11,配件,背包,2,243.41,486.82,微信支付,否,小程序
ORD0104,C0122,2024-05-11,配件,手机壳,5,44.49,222.45,微信支付,否,小程序
ORD0104,C0122,2024-05-11,盲盒,迪士尼盲盒,3,83.8,251.4,微信支付,否,小程序
ORD0104,C0122,2024-05-11,配件,充电宝,2,101.1,202.2,微信支付,否,小程序
ORD0105,C0528,2024-05-23,配件,耳机壳,5,28.05,140.25,支付宝,否,线下
ORD0105,C0528,2024-05-23,配件,鼠标垫,4,36.46,145.84,支付宝,否,线下
ORD0105,C0528,2024-05-23,周边,钥匙扣,1,28.24,28.24,支付宝,否,线下
ORD0105,C0528,2024-05-23,盲盒,潘神盲盒,5,75.96,379.8,支付宝,否,线下
ORD0105,C0528,2024-05-23,盲盒,火影忍者盲盒,4,65.76,263.04,支付宝,否,线下
ORD0106,C0672,2025-08-15,手办,喷火龙手办,5,294.32,1471.6,银行卡,否,APP
ORD0106,C0672,2025-08-15,服饰,睡衣,2,144.1,288.2,银行卡,否,APP
ORD0106,C0672,2025-08-15,盲盒,Bunny盲盒,1,68.19,68.19,银行卡,否,APP
ORD0106,C0672,2025-08-15,服饰,睡衣,4,165.06,660.24,银行卡,否,APP
ORD0106,C0672,2025-08-15,服饰,帽子,5,85.64,428.2,银行卡,否,APP
ORD0107,C0894,2024-03-04,服饰,帽子,4,76.06,304.24,银行卡,否,APP
ORD0107,C0894,2024-03-04,手办,明日香手办,5,337.99,1689.95,银行卡,否,APP
ORD0107,C0894,2024-03-04,周边,文件夹,5,34.89,174.45,银行卡,否,APP
ORD0107,C0894,2024-03-04,手办,绫波丽手办,5,315.74,1578.7,银行卡,否,APP
ORD0108,C0965,2024-10-31,周边,钥匙扣,3,29.35,88.05,支付宝,是,线下
ORD0108,C0965,2024-10-31,周边,文件夹,1,35.51,35.51,支付宝,是,线下
ORD0108,C0965,2024-10-31,配件,手机壳,4,52.12,208.48,支付宝,是,线下
ORD0108,C0965,2024-10-31,手办,绫波丽手办,1,315.03,315.03,支付宝,是,线下
ORD0108,C0965,2024-10-31,盲盒,Yuki盲盒,4,60.84,243.36,支付宝,是,线下
ORD0109,C0766,2025-05-05,配件,耳机壳,2,26.73,53.46,微信支付,否,APP
ORD0109,C0766,2025-05-05,配件,台灯,2,117.41,234.82,微信支付,否,APP
ORD0109,C0766,2025-05-05,配件,台灯,2,117.45,234.9,微信支付,否,APP
ORD0109,C0766,2025-05-05,服饰,连衣裙,4,275.11,1100.44,微信支付,否,APP
ORD0110,C0790,2024-05-20,服饰,斜挎包,4,132.88,531.52,微信支付,否,线下
ORD0110,C0790,2024-05-20,周边,徽章,3,40.14,120.42,微信支付,否,线下
ORD0110,C0790,2024-05-20,盲盒,火影忍者盲盒,2,69.49,138.98,微信支付,否,线下
ORD0111,C0741,2024-02-08,盲盒,潘神盲盒,4,74.04,296.16,微信支付,否,小程序
ORD0111,C0741,2024-02-08,周边,书签,1,23.99,23.99,微信支付,否,小程序
ORD0111,C0741,2024-02-08,配件,水杯,3,43.06,129.18,微信支付,否,小程序
ORD0112,C0657,2025-07-10,配件,充电宝,3,92.92,278.76,银行卡,否,小程序
ORD0112,C0657,2025-07-10,盲盒,Yuki盲盒,2,61.73,123.46,银行卡,否,小程序
ORD0112,C0657,2025-07-10,周边,明信片,1,15.71,15.71,银行卡,否,小程序
ORD0113,C0810,2024-10-29,配件,手机壳,4,49.15,196.6,银行卡,否,线下
ORD0113,C0810,2024-10-29,盲盒,潘神盲盒,1,74.02,74.02,银行卡,否,线下
ORD0113,C0810,2024-10-29,手办,明日香手办,3,379.42,1138.26,银行卡,否,线下
ORD0114,C0007,2024-09-24,周边,文件夹,5,36.56,182.8,支付宝,否,APP
ORD0114,C0007,2024-09-24,盲盒,Labubu系列盲盒,3,102.82,308.46,支付宝,否,APP
ORD0114,C0007,2024-09-24,盲盒,哈利波特盲盒,4,124.02,496.08,支付宝,否,APP
ORD0114,C0007,2024-09-24,服饰,帽子,3,82.01,246.03,支付宝,否,APP
ORD0115,C0655,2024-10-29,服饰,睡衣,4,166.88,667.52,支付宝,是,线下
ORD0115,C0655,2024-10-29,配件,背包,4,269.46,1077.84,支付宝,是,线下
ORD0115,C0655,2024-10-29,服饰,帽子,2,83.14,166.28,支付宝,是,线下
ORD0116,C0697,2025-09-02,盲盒,火影忍者盲盒,1,62.95,62.95,微信支付,否,线下
ORD0116,C0697,2025-09-02,配件,鼠标垫,2,35.51,71.02,微信支付,否,线下
ORD0116,C0697,2025-09-02,手办,佐助手办,3,277.36,832.08,微信支付,否,线下
ORD0116,C0697,2025-09-02,服饰,围巾,2,92.86,185.72,微信支付,否,线下
ORD0117,C0501,2024-04-03,手办,喷火龙手办,4,276.59,1106.36,银行卡,否,小程序
ORD0117,C0501,2024-04-03,盲盒,海贼王盲盒,4,92.08,368.32,银行卡,否,小程序
ORD0117,C0501,2024-04-03,周边,书签,4,23.77,95.08,银行卡,否,小程序
ORD0117,C0501,2024-04-03,盲盒,Bunny盲盒,5,63.11,315.55,银行卡,否,小程序
ORD0117,C0501,2024-04-03,服饰,连衣裙,1,301.46,301.46,银行卡,否,小程序
ORD0118,C0062,2024-03-11,手办,高达模型,3,328.47,985.41,支付宝,是,APP
ORD0118,C0062,2024-03-11,服饰,斜挎包,4,125.79,503.16,支付宝,是,APP
ORD0118,C0062,2024-03-11,配件,蓝牙音箱,3,183.82,551.46,支付宝,是,APP
ORD0119,C0551,2025-02-06,盲盒,Molly系列盲盒,3,88.34,265.02,银行卡,否,APP
ORD0119,C0551,2025-02-06,配件,手机壳,5,47.82,239.1,银行卡,否,APP
ORD0119,C0551,2025-02-06,手办,悟空手办,4,347.95,1391.8,银行卡,否,APP
ORD0120,C0283,2024-07-12,配件,雨伞,2,55.53,111.06,银行卡,是,APP
ORD0120,C0283,2024-07-12,盲盒,火影忍者盲盒,1,68.26,68.26,银行卡,是,APP
ORD0120,C0283,2024-07-12,盲盒,Bunny盲盒,1,67.65,67.65,银行卡,是,APP
ORD0120,C0283,2024-07-12,手办,喷火龙手办,2,293.19,586.38,银行卡,是,APP
ORD0120,C0283,2024-07-12,盲盒,迪士尼盲盒,5,86.8,434.0,银行卡,是,APP
ORD0121,C0240,2025-08-12,手办,绫波丽手办,2,360.96,721.92,支付宝,否,线下
ORD0121,C0240,2025-08-12,配件,台灯,4,123.85,495.4,支付宝,否,线下
ORD0121,C0240,2025-08-12,盲盒,海贼王盲盒,5,95.76,478.8,支付宝,否,线下
ORD0121,C0240,2025-08-12,手办,高达模型,5,298.74,1493.7,支付宝,否,线下
ORD0122,C0996,2024-12-18,服饰,运动鞋,2,383.03,766.06,银行卡,否,线下
ORD0122,C0996,2024-12-18,手办,喷火龙手办,4,264.55,1058.2,银行卡,否,线下
ORD0122,C0996,2024-12-18,手办,绫波丽手办,2,349.12,698.24,银行卡,否,线下
ORD0122,C0996,2024-12-18,盲盒,海贼王盲盒,4,97.33,389.32,银行卡,否,线下
ORD0123,C0571,2025-06-26,周边,帆布包,4,84.48,337.92,微信支付,是,小程序
ORD0123,C0571,2025-06-26,盲盒,海贼王盲盒,2,81.02,162.04,微信支付,是,小程序
ORD0123,C0571,2025-06-26,服饰,袜子套装,5,44.49,222.45,微信支付,是,小程序
ORD0124,C0075,2024-07-11,服饰,卫衣,3,191.17,573.51,银行卡,否,线下
ORD0124,C0075,2024-07-11,盲盒,Bunny盲盒,2,75.38,150.76,银行卡,否,线下
ORD0124,C0075,2024-07-11,盲盒,A仔盲盒,2,50.92,101.84,银行卡,否,线下
ORD0125,C0721,2024-07-28,服饰,斜挎包,5,132.84,664.2,支付宝,否,APP
ORD0125,C0721,2024-07-28,周边,文件夹,3,35.09,105.27,支付宝,否,APP
ORD0125,C0721,2024-07-28,服饰,斜挎包,1,136.81,136.81,支付宝,否,APP
ORD0125,C0721,2024-07-28,服饰,连衣裙,2,291.27,582.54,支付宝,否,APP
ORD0126,C0424,2024-02-16,周边,海报,5,45.71,228.55,银行卡,否,APP
ORD0126,C0424,2024-02-16,服饰,牛仔裤,2,243.26,486.52,银行卡,否,APP
ORD0127,C0236,2025-01-23,周边,钥匙扣,4,28.77,115.08,银行卡,否,APP
ORD0127,C0236,2025-01-23,周边,明信片,2,15.66,31.32,银行卡,否,APP
ORD0127,C0236,2025-01-23,服饰,睡衣,5,174.59,872.95,银行卡,否,APP
ORD0127,C0236,2025-01-23,盲盒,海贼王盲盒,1,95.04,95.04,银行卡,否,APP
ORD0128,C0077,2025-11-15,盲盒,迪士尼盲盒,1,74.56,74.56,微信支付,否,APP
ORD0128,C0077,2025-11-15,服饰,连衣裙,1,306.05,306.05,微信支付,否,APP
ORD0128,C0077,2025-11-15,配件,充电宝,4,89.41,357.64,微信支付,否,APP
ORD0129,C0545,2025-07-18,配件,耳机壳,1,29.01,29.01,支付宝,是,APP
ORD0129,C0545,2025-07-18,服饰,睡衣,1,172.29,172.29,支付宝,是,APP
ORD0129,C0545,2025-07-18,配件,蓝牙音箱,2,186.74,373.48,支付宝,是,APP
ORD0129,C0545,2025-07-18,配件,耳机壳,3,27.65,82.95,支付宝,是,APP
ORD0130,C0407,2024-03-21,手办,绫波丽手办,1,339.12,339.12,支付宝,否,小程序
ORD0130,C0407,2024-03-21,盲盒,哈利波特盲盒,4,125.89,503.56,支付宝,否,小程序
ORD0130,C0407,2024-03-21,配件,充电宝,1,101.71,101.71,支付宝,否,小程序
ORD0131,C0720,2024-06-24,配件,水杯,5,48.77,243.85,微信支付,否,小程序
ORD0131,C0720,2024-06-24,手办,悟空手办,5,357.24,1786.2,微信支付,否,小程序
ORD0131,C0720,2024-06-24,盲盒,哈利波特盲盒,3,139.3,417.9,微信支付,否,小程序
ORD0131,C0720,2024-06-24,配件,雨伞,2,64.06,128.12,微信支付,否,小程序
ORD0132,C0323,2024-01-17,盲盒,Labubu系列盲盒,2,100.27,200.54,微信支付,是,线下
ORD0132,C0323,2024-01-17,配件,手机壳,5,47.35,236.75,微信支付,是,线下
ORD0132,C0323,2024-01-17,手办,皮卡丘手办,5,418.59,2092.95,微信支付,是,线下
ORD0132,C0323,2024-01-17,周边,书签,1,24.69,24.69,微信支付,是,线下
ORD0132,C0323,2024-01-17,盲盒,Yuki盲盒,5,62.17,310.85,微信支付,是,线下
ORD0133,C0978,2025-09-01,服饰,斜挎包,2,125.28,250.56,支付宝,是,小程序
ORD0133,C0978,2025-09-01,服饰,运动鞋,2,413.34,826.68,支付宝,是,小程序
ORD0133,C0978,2025-09-01,服饰,围巾,5,85.36,426.8,支付宝,是,小程序
ORD0133,C0978,2025-09-01,手办,皮卡丘手办,1,380.48,380.48,支付宝,是,小程序
ORD0134,C0390,2025-12-29,周边,帆布包,1,71.18,71.18,银行卡,否,APP
ORD0134,C0390,2025-12-29,周边,钥匙扣,3,30.52,91.56,银行卡,否,APP
ORD0134,C0390,2025-12-29,盲盒,迪士尼盲盒,1,74.06,74.06,银行卡,否,APP
ORD0134,C0390,2025-12-29,服饰,帽子,5,79.2,396.0,银行卡,否,APP
ORD0135,C0106,2024-01-27,服饰,拖鞋,3,67.81,203.43,微信支付,否,小程序
ORD0135,C0106,2024-01-27,盲盒,海贼王盲盒,2,90.28,180.56,微信支付,否,小程序
ORD0135,C0106,2024-01-27,手办,高达模型,2,277.4,554.8,微信支付,否,小程序
ORD0135,C0106,2024-01-27,周边,文件夹,4,32.52,130.08,微信支付,否,小程序
ORD0136,C0172,2025-03-21,周边,文件夹,2,36.55,73.1,支付宝,是,小程序
ORD0136,C0172,2025-03-21,服饰,袜子套装,5,46.02,230.1,支付宝,是,小程序
ORD0137,C0110,2024-05-18,配件,手机壳,3,48.41,145.23,支付宝,否,APP
ORD0137,C0110,2024-05-18,服饰,袜子套装,2,47.04,94.08,支付宝,否,APP
ORD0137,C0110,2024-05-18,配件,台灯,4,124.21,496.84,支付宝,否,APP
ORD0137,C0110,2024-05-18,服饰,连衣裙,3,313.05,939.15,支付宝,否,APP
ORD0138,C0649,2025-05-17,服饰,连衣裙,1,324.84,324.84,银行卡,否,APP
ORD0138,C0649,2025-05-17,手办,海贼王手办,5,242.42,1212.1,银行卡,否,APP
ORD0138,C0649,2025-05-17,配件,雨伞,4,64.23,256.92,银行卡,否,APP
ORD0138,C0649,2025-05-17,手办,明日香手办,3,372.12,1116.36,银行卡,否,APP
ORD0139,C0071,2025-02-22,手办,绫波丽手办,2,343.16,686.32,银行卡,是,小程序
ORD0139,C0071,2025-02-22,服饰,围巾,4,97.73,390.92,银行卡,是,小程序
ORD0139,C0071,2025-02-22,服饰,袜子套装,4,49.34,197.36,银行卡,是,小程序
ORD0139,C0071,2025-02-22,服饰,帽子,1,83.59,83.59,银行卡,是,小程序
ORD0140,C0369,2025-12-19,盲盒,Bunny盲盒,3,64.4,193.2,银行卡,否,线下
ORD0140,C0369,2025-12-19,配件,雨伞,5,64.71,323.55,银行卡,否,线下
ORD0141,C0694,2025-10-24,盲盒,Molly系列盲盒,1,84.71,84.71,支付宝,否,小程序
ORD0141,C0694,2025-10-24,配件,鼠标垫,5,35.56,177.8,支付宝,否,小程序
ORD0141,C0694,2025-10-24,配件,台灯,4,125.75,503.0,支付宝,否,小程序
ORD0141,C0694,2025-10-24,服饰,袜子套装,5,45.58,227.9,支付宝,否,小程序
ORD0141,C0694,2025-10-24,盲盒,A仔盲盒,1,47.0,47.0,支付宝,否,小程序
ORD0142,C0943,2024-03-28,周边,钥匙扣,2,29.12,58.24,微信支付,是,线下
ORD0142,C0943,2024-03-28,周边,钥匙扣,1,28.64,28.64,微信支付,是,线下
ORD0142,C0943,2024-03-28,服饰,连衣裙,1,287.06,287.06,微信支付,是,线下
ORD0142,C0943,2024-03-28,盲盒,Molly系列盲盒,3,91.63,274.89,微信支付,是,线下
ORD0143,C0694,2024-06-17,周边,海报,4,49.13,196.52,银行卡,否,APP
ORD0143,C0694,2024-06-17,手办,高达模型,2,280.25,560.5,银行卡,否,APP
ORD0143,C0694,2024-06-17,服饰,运动鞋,1,417.94,417.94,银行卡,否,APP
ORD0144,C0905,2024-07-21,手办,悟空手办,3,377.12,1131.36,支付宝,否,线下
ORD0144,C0905,2024-07-21,盲盒,火影忍者盲盒,1,73.13,73.13,支付宝,否,线下
ORD0145,C0550,2024-07-10,周边,钥匙扣,5,31.7,158.5,支付宝,是,小程序
ORD0145,C0550,2024-07-10,周边,T恤,4,101.2,404.8,支付宝,是,小程序
ORD0146,C0602,2024-04-26,周边,T恤,5,90.78,453.9,支付宝,否,小程序
ORD0146,C0602,2024-04-26,手办,蕾姆手办,1,378.14,378.14,支付宝,否,小程序
ORD0146,C0602,2024-04-26,盲盒,迪士尼盲盒,3,82.06,246.18,支付宝,否,小程序
ORD0147,C0524,2025-02-01,服饰,睡衣,4,163.31,653.24,支付宝,是,线下
ORD0147,C0524,2025-02-01,手办,喷火龙手办,2,278.42,556.84,支付宝,是,线下
ORD0147,C0524,2025-02-01,手办,佐助手办,3,276.71,830.13,支付宝,是,线下
ORD0147,C0524,2025-02-01,配件,雨伞,3,64.33,192.99,支付宝,是,线下
ORD0147,C0524,2025-02-01,服饰,睡衣,2,169.02,338.04,支付宝,是,线下
ORD0148,C0987,2025-07-29,服饰,斜挎包,4,120.42,481.68,银行卡,否,线下
ORD0148,C0987,2025-07-29,配件,雨伞,2,56.55,113.1,银行卡,否,线下
ORD0148,C0987,2025-07-29,周边,冰箱贴,5,18.2,91.0,银行卡,否,线下
ORD0148,C0987,2025-07-29,服饰,袜子套装,4,49.49,197.96,银行卡,否,线下
ORD0148,C0987,2025-07-29,盲盒,火影忍者盲盒,1,65.8,65.8,银行卡,否,线下
ORD0149,C0557,2025-01-10,配件,台灯,4,118.74,474.96,银行卡,否,APP
ORD0149,C0557,2025-01-10,手办,绫波丽手办,1,325.69,325.69,银行卡,否,APP
ORD0149,C0557,2025-01-10,周边,帆布包,4,84.77,339.08,银行卡,否,APP
ORD0149,C0557,2025-01-10,盲盒,Bunny盲盒,2,73.29,146.58,银行卡,否,APP
ORD0149,C0557,2025-01-10,配件,背包,5,265.88,1329.4,银行卡,否,APP
ORD0150,C0170,2025-09-22,配件,背包,5,247.66,1238.3,微信支付,否,APP
ORD0150,C0170,2025-09-22,配件,蓝牙音箱,3,218.06,654.18,微信支付,否,APP
ORD0151,C0300,2024-10-23,手办,高达模型,1,328.45,328.45,银行卡,否,小程序
ORD0151,C0300,2024-10-23,手办,佐助手办,2,240.68,481.36,银行卡,否,小程序
ORD0152,C0330,2024-09-10,服饰,运动鞋,4,365.13,1460.52,银行卡,否,小程序
ORD0152,C0330,2024-09-10,盲盒,潘神盲盒,5,82.95,414.75,银行卡,否,小程序
ORD0152,C0330,2024-09-10,周边,钥匙扣,4,28.0,112.0,银行卡,否,小程序
ORD0152,C0330,2024-09-10,盲盒,哈利波特盲盒,4,132.48,529.92,银行卡,否,小程序
ORD0153,C0715,2025-01-01,手办,明日香手办,3,336.64,1009.92,微信支付,否,线下
ORD0153,C0715,2025-01-01,周边,徽章,5,39.61,198.05,微信支付,否,线下
ORD0153,C0715,2025-01-01,配件,充电宝,3,106.8,320.4,微信支付,否,线下
ORD0153,C0715,2025-01-01,盲盒,Molly系列盲盒,1,91.25,91.25,微信支付,否,线下
ORD0153,C0715,2025-01-01,服饰,拖鞋,1,74.93,74.93,微信支付,否,线下
ORD0154,C0162,2025-03-27,手办,佐助手办,3,241.34,724.02,支付宝,否,APP
ORD0154,C0162,2025-03-27,周边,帆布包,3,75.06,225.18,支付宝,否,APP
ORD0154,C0162,2025-03-27,周边,明信片,1,14.69,14.69,支付宝,否,APP
ORD0154,C0162,2025-03-27,周边,冰箱贴,4,19.59,78.36,支付宝,否,APP
ORD0154,C0162,2025-03-27,盲盒,Molly系列盲盒,2,88.59,177.18,支付宝,否,APP
ORD0155,C0136,2025-08-30,盲盒,Yuki盲盒,1,64.76,64.76,微信支付,否,线下
ORD0155,C0136,2025-08-30,服饰,睡衣,4,145.35,581.4,微信支付,否,线下
ORD0156,C0393,2024-04-01,周边,明信片,4,15.82,63.28,银行卡,是,APP
ORD0156,C0393,2024-04-01,手办,佐助手办,1,260.58,260.58,银行卡,是,APP
ORD0156,C0393,2024-04-01,盲盒,火影忍者盲盒,2,68.17,136.34,银行卡,是,APP
ORD0156,C0393,2024-04-01,手办,佐助手办,4,265.01,1060.04,银行卡,是,APP
ORD0157,C0454,2024-08-10,配件,手机壳,3,53.54,160.62,微信支付,是,APP
ORD0157,C0454,2024-08-10,周边,明信片,2,14.33,28.66,微信支付,是,APP
ORD0158,C0087,2024-09-11,盲盒,Labubu系列盲盒,2,99.35,198.7,银行卡,否,线下
ORD0158,C0087,2024-09-11,配件,台灯,4,123.72,494.88,银行卡,否,线下
ORD0158,C0087,2024-09-11,盲盒,Bunny盲盒,4,67.43,269.72,银行卡,否,线下
ORD0158,C0087,2024-09-11,手办,明日香手办,5,319.06,1595.3,银行卡,否,线下
ORD0159,C0911,2024-01-13,周边,海报,2,47.36,94.72,支付宝,是,小程序
ORD0159,C0911,2024-01-13,盲盒,Molly系列盲盒,5,81.3,406.5,支付宝,是,小程序
ORD0159,C0911,2024-01-13,周边,冰箱贴,1,20.61,20.61,支付宝,是,小程序
ORD0159,C0911,2024-01-13,服饰,帽子,3,81.03,243.09,支付宝,是,小程序
ORD0159,C0911,2024-01-13,配件,手机壳,4,50.98,203.92,支付宝,是,小程序
ORD0160,C0085,2025-10-17,盲盒,Labubu系列盲盒,1,99.22,99.22,银行卡,否,线下
ORD0160,C0085,2025-10-17,手办,佐助手办,5,250.03,1250.15,银行卡,否,线下
ORD0160,C0085,2025-10-17,配件,水杯,3,46.79,140.37,银行卡,否,线下
ORD0160,C0085,2025-10-17,手办,柯南手办,2,274.26,548.52,银行卡,否,线下
ORD0161,C0445,2024-04-28,手办,皮卡丘手办,1,415.59,415.59,支付宝,否,线下
ORD0161,C0445,2024-04-28,盲盒,迪士尼盲盒,4,86.16,344.64,支付宝,否,线下
ORD0161,C0445,2024-04-28,配件,鼠标垫,3,32.67,98.01,支付宝,否,线下
ORD0161,C0445,2024-04-28,手办,绫波丽手办,1,346.86,346.86,支付宝,否,线下
ORD0162,C0031,2024-12-09,配件,水杯,4,44.6,178.4,支付宝,否,小程序
ORD0162,C0031,2024-12-09,周边,书签,4,26.8,107.2,支付宝,否,小程序
ORD0162,C0031,2024-12-09,手办,蕾姆手办,2,379.46,758.92,支付宝,否,小程序
ORD0162,C0031,2024-12-09,盲盒,火影忍者盲盒,1,65.25,65.25,支付宝,否,小程序
ORD0163,C0522,2024-01-03,周边,胶带,2,26.2,52.4,微信支付,是,APP
ORD0163,C0522,2024-01-03,盲盒,海贼王盲盒,4,84.1,336.4,微信支付,是,APP
ORD0163,C0522,2024-01-03,手办,高达模型,3,285.32,855.96,微信支付,是,APP
ORD0163,C0522,2024-01-03,盲盒,火影忍者盲盒,3,63.75,191.25,微信支付,是,APP
ORD0163,C0522,2024-01-03,盲盒,迪士尼盲盒,2,83.81,167.62,微信支付,是,APP
ORD0164,C0048,2025-02-14,周边,帆布包,5,78.32,391.6,微信支付,否,小程序
ORD0164,C0048,2025-02-14,周边,冰箱贴,3,19.24,57.72,微信支付,否,小程序
ORD0164,C0048,2025-02-14,周边,T恤,2,98.29,196.58,微信支付,否,小程序
ORD0164,C0048,2025-02-14,配件,充电宝,2,103.6,207.2,微信支付,否,小程序
ORD0165,C0560,2024-09-08,手办,喷火龙手办,3,286.59,859.77,微信支付,否,APP
ORD0165,C0560,2024-09-08,盲盒,Yuki盲盒,1,62.06,62.06,微信支付,否,APP
ORD0166,C0386,2024-11-10,服饰,斜挎包,1,141.19,141.19,微信支付,否,APP
ORD0166,C0386,2024-11-10,手办,绫波丽手办,1,298.99,298.99,微信支付,否,APP
ORD0166,C0386,2024-11-10,手办,喷火龙手办,4,290.21,1160.84,微信支付,否,APP
ORD0167,C0382,2025-04-14,服饰,围巾,5,90.21,451.05,银行卡,否,APP
ORD0167,C0382,2025-04-14,服饰,睡衣,2,152.38,304.76,银行卡,否,APP
ORD0167,C0382,2025-04-14,周边,胶带,3,26.98,80.94,银行卡,否,APP
ORD0168,C0279,2024-08-27,手办,皮卡丘手办,2,394.98,789.96,微信支付,是,APP
ORD0168,C0279,2024-08-27,周边,胶带,1,28.2,28.2,微信支付,是,APP
ORD0169,C0988,2024-07-31,盲盒,迪士尼盲盒,3,84.16,252.48,支付宝,否,小程序
ORD0169,C0988,2024-07-31,配件,雨伞,2,62.96,125.92,支付宝,否,小程序
ORD0170,C0336,2024-05-31,服饰,帽子,1,81.8,81.8,微信支付,是,线下
ORD0170,C0336,2024-05-31,周边,明信片,1,16.36,16.36,微信支付,是,线下
ORD0170,C0336,2024-05-31,服饰,帽子,5,75.05,375.25,微信支付,是,线下
ORD0170,C0336,2024-05-31,服饰,围巾,2,82.26,164.52,微信支付,是,线下
ORD0171,C0064,2024-08-15,盲盒,火影忍者盲盒,5,65.67,328.35,微信支付,否,APP
ORD0171,C0064,2024-08-15,盲盒,Molly系列盲盒,1,83.62,83.62,微信支付,否,APP
ORD0171,C0064,2024-08-15,服饰,睡衣,1,171.88,171.88,微信支付,否,APP
ORD0171,C0064,2024-08-15,周边,帆布包,1,85.99,85.99,微信支付,否,APP
ORD0172,C0052,2024-06-21,服饰,拖鞋,4,71.53,286.12,银行卡,否,小程序
ORD0172,C0052,2024-06-21,手办,蕾姆手办,2,431.58,863.16,银行卡,否,小程序
ORD0172,C0052,2024-06-21,周边,文件夹,4,37.68,150.72,银行卡,否,小程序
ORD0172,C0052,2024-06-21,盲盒,火影忍者盲盒,5,70.61,353.05,银行卡,否,小程序
ORD0172,C0052,2024-06-21,周边,钥匙扣,4,31.22,124.88,银行卡,否,小程序
ORD0173,C0491,2024-03-03,手办,喷火龙手办,2,286.3,572.6,微信支付,否,小程序
ORD0173,C0491,2024-03-03,配件,雨伞,4,62.33,249.32,微信支付,否,小程序
ORD0173,C0491,2024-03-03,周边,钥匙扣,5,30.63,153.15,微信支付,否,小程序
ORD0173,C0491,2024-03-03,周边,T恤,5,95.47,477.35,微信支付,否,小程序
ORD0173,C0491,2024-03-03,周边,明信片,1,14.46,14.46,微信支付,否,小程序
ORD0174,C0225,2024-01-31,配件,背包,5,284.88,1424.4,支付宝,否,APP
ORD0174,C0225,2024-01-31,手办,皮卡丘手办,2,411.52,823.04,支付宝,否,APP
ORD0174,C0225,2024-01-31,周边,海报,1,47.38,47.38,支付宝,否,APP
ORD0174,C0225,2024-01-31,手办,海贼王手办,4,251.48,1005.92,支付宝,否,APP
ORD0174,C0225,2024-01-31,手办,佐助手办,2,263.79,527.58,支付宝,否,APP
ORD0175,C0826,2025-12-15,配件,钥匙扣,2,39.49,78.98,支付宝,是,线下
ORD0175,C0826,2025-12-15,手办,明日香手办,5,335.67,1678.35,支付宝,是,线下
ORD0175,C0826,2025-12-15,服饰,拖鞋,1,62.88,62.88,支付宝,是,线下
ORD0175,C0826,2025-12-15,配件,台灯,1,129.68,129.68,支付宝,是,线下
ORD0176,C0001,2024-12-05,手办,蕾姆手办,1,360.85,360.85,银行卡,否,APP
ORD0176,C0001,2024-12-05,配件,蓝牙音箱,1,212.79,212.79,银行卡,否,APP
ORD0176,C0001,2024-12-05,周边,帆布包,3,82.23,246.69,银行卡,否,APP
ORD0176,C0001,2024-12-05,服饰,袜子套装,1,47.4,47.4,银行卡,否,APP
ORD0177,C0331,2024-05-19,周边,明信片,5,15.58,77.9,微信支付,否,线下
ORD0177,C0331,2024-05-19,配件,背包,2,267.57,535.14,微信支付,否,线下
ORD0177,C0331,2024-05-19,手办,高达模型,3,312.99,938.97,微信支付,否,线下
ORD0177,C0331,2024-05-19,周边,明信片,2,15.69,31.38,微信支付,否,线下
ORD0177,C0331,2024-05-19,配件,手机壳,5,44.42,222.1,微信支付,否,线下
ORD0178,C0617,2024-11-21,服饰,睡衣,3,166.8,500.4,银行卡,否,APP
ORD0178,C0617,2024-11-21,手办,蕾姆手办,3,372.5,1117.5,银行卡,否,APP
ORD0179,C0907,2024-03-31,服饰,拖鞋,3,64.99,194.97,银行卡,否,线下
ORD0179,C0907,2024-03-31,盲盒,Yuki盲盒,3,62.39,187.17,银行卡,否,线下
ORD0179,C0907,2024-03-31,盲盒,Molly系列盲盒,4,87.9,351.6,银行卡,否,线下
ORD0179,C0907,2024-03-31,服饰,睡衣,4,158.78,635.12,银行卡,否,线下
ORD0180,C0388,2024-12-25,配件,台灯,2,127.74,255.48,银行卡,是,小程序
ORD0180,C0388,2024-12-25,盲盒,Labubu系列盲盒,1,95.41,95.41,银行卡,是,小程序
ORD0180,C0388,2024-12-25,盲盒,哈利波特盲盒,3,120.49,361.47,银行卡,是,小程序
ORD0180,C0388,2024-12-25,服饰,睡衣,1,160.5,160.5,银行卡,是,小程序
ORD0180,C0388,2024-12-25,盲盒,Yuki盲盒,5,64.73,323.65,银行卡,是,小程序
ORD0181,C0915,2025-05-09,配件,手机壳,2,44.62,89.24,银行卡,否,APP
ORD0181,C0915,2025-05-09,周边,冰箱贴,2,18.66,37.32,银行卡,否,APP
ORD0181,C0915,2025-05-09,配件,鼠标垫,3,36.12,108.36,银行卡,否,APP
ORD0182,C0305,2024-08-31,手办,柯南手办,3,269.33,807.99,微信支付,否,APP
ORD0182,C0305,2024-08-31,盲盒,Labubu系列盲盒,5,98.61,493.05,微信支付,否,APP
ORD0182,C0305,2024-08-31,盲盒,Molly系列盲盒,2,83.14,166.28,微信支付,否,APP
ORD0182,C0305,2024-08-31,周边,帆布包,4,84.43,337.72,微信支付,否,APP
ORD0182,C0305,2024-08-31,周边,胶带,4,27.94,111.76,微信支付,否,APP
ORD0183,C0677,2024-09-28,周边,胶带,3,26.24,78.72,微信支付,否,线下
ORD0183,C0677,2024-09-28,盲盒,Labubu系列盲盒,4,98.31,393.24,微信支付,否,线下
ORD0183,C0677,2024-09-28,手办,绫波丽手办,5,300.16,1500.8,微信支付,否,线下
ORD0184,C0771,2025-12-14,配件,手机壳,5,46.33,231.65,银行卡,是,APP
ORD0184,C0771,2025-12-14,盲盒,潘神盲盒,5,77.71,388.55,银行卡,是,APP
ORD0184,C0771,2025-12-14,配件,充电宝,5,106.56,532.8,银行卡,是,APP
ORD0184,C0771,2025-12-14,服饰,牛仔裤,1,253.55,253.55,银行卡,是,APP
ORD0185,C0875,2024-02-05,盲盒,A仔盲盒,2,53.4,106.8,银行卡,否,线下
ORD0185,C0875,2024-02-05,手办,悟空手办,2,332.16,664.32,银行卡,否,线下
ORD0185,C0875,2024-02-05,服饰,围巾,4,83.69,334.76,银行卡,否,线下
ORD0186,C0843,2025-10-04,盲盒,潘神盲盒,5,77.38,386.9,微信支付,是,线下
ORD0186,C0843,2025-10-04,周边,文件夹,5,34.71,173.55,微信支付,是,线下
ORD0187,C0895,2024-01-13,盲盒,潘神盲盒,2,73.44,146.88,银行卡,否,线下
ORD0187,C0895,2024-01-13,配件,钥匙扣,1,42.31,42.31,银行卡,否,线下
ORD0187,C0895,2024-01-13,配件,水杯,3,48.31,144.93,银行卡,否,线下
ORD0187,C0895,2024-01-13,周边,胶带,3,27.35,82.05,银行卡,否,线下
ORD0187,C0895,2024-01-13,服饰,袜子套装,5,48.74,243.7,银行卡,否,线下
ORD0188,C0177,2024-10-09,盲盒,潘神盲盒,3,82.01,246.03,支付宝,否,APP
ORD0188,C0177,2024-10-09,盲盒,A仔盲盒,3,52.89,158.67,支付宝,否,APP
ORD0188,C0177,2024-10-09,盲盒,Yuki盲盒,3,56.77,170.31,支付宝,否,APP
ORD0188,C0177,2024-10-09,服饰,围巾,2,82.49,164.98,支付宝,否,APP
ORD0188,C0177,2024-10-09,服饰,连衣裙,3,312.68,938.04,支付宝,否,APP
ORD0189,C0620,2025-10-23,服饰,帽子,3,84.07,252.21,微信支付,否,APP
ORD0189,C0620,2025-10-23,配件,蓝牙音箱,1,191.48,191.48,微信支付,否,APP
ORD0189,C0620,2025-10-23,配件,手机壳,2,51.75,103.5,微信支付,否,APP
ORD0189,C0620,2025-10-23,配件,钥匙扣,1,36.46,36.46,微信支付,否,APP
ORD0189,C0620,2025-10-23,手办,柯南手办,2,271.08,542.16,微信支付,否,APP
ORD0190,C0052,2025-01-04,配件,手机壳,1,50.78,50.78,银行卡,是,APP
ORD0190,C0052,2025-01-04,手办,蕾姆手办,4,406.5,1626.0,银行卡,是,APP
ORD0190,C0052,2025-01-04,手办,明日香手办,5,352.58,1762.9,银行卡,是,APP
ORD0190,C0052,2025-01-04,周边,明信片,3,15.75,47.25,银行卡,是,APP
ORD0190,C0052,2025-01-04,盲盒,Labubu系列盲盒,1,96.75,96.75,银行卡,是,APP
ORD0191,C0167,2025-08-08,周边,胶带,5,25.31,126.55,微信支付,否,APP
ORD0191,C0167,2025-08-08,盲盒,A仔盲盒,2,50.44,100.88,微信支付,否,APP
ORD0191,C0167,2025-08-08,配件,雨伞,2,56.08,112.16,微信支付,否,APP
ORD0192,C0825,2024-11-08,服饰,连衣裙,4,284.17,1136.68,银行卡,否,线下
ORD0192,C0825,2024-11-08,服饰,牛仔裤,5,275.8,1379.0,银行卡,否,线下
ORD0192,C0825,2024-11-08,服饰,袜子套装,1,44.17,44.17,银行卡,否,线下
ORD0192,C0825,2024-11-08,周边,海报,5,45.98,229.9,银行卡,否,线下
ORD0192,C0825,2024-11-08,周边,帆布包,4,72.11,288.44,银行卡,否,线下
ORD0193,C0284,2025-10-17,手办,佐助手办,5,272.75,1363.75,支付宝,是,小程序
ORD0193,C0284,2025-10-17,盲盒,火影忍者盲盒,4,71.22,284.88,支付宝,是,小程序
ORD0193,C0284,2025-10-17,手办,柯南手办,4,328.75,1315.0,支付宝,是,小程序
ORD0193,C0284,2025-10-17,周边,胶带,4,27.37,109.48,支付宝,是,小程序
ORD0194,C0037,2025-08-20,手办,喷火龙手办,4,301.68,1206.72,银行卡,否,线下
ORD0194,C0037,2025-08-20,周边,海报,3,48.11,144.33,银行卡,否,线下
ORD0194,C0037,2025-08-20,配件,蓝牙音箱,3,182.98,548.94,银行卡,否,线下
ORD0194,C0037,2025-08-20,手办,绫波丽手办,5,346.3,1731.5,银行卡,否,线下
ORD0195,C0188,2025-11-27,手办,绫波丽手办,4,347.96,1391.84,支付宝,是,线下
ORD0195,C0188,2025-11-27,周边,徽章,3,39.67,119.01,支付宝,是,线下
ORD0195,C0188,2025-11-27,服饰,围巾,4,81.06,324.24,支付宝,是,线下
ORD0195,C0188,2025-11-27,配件,钥匙扣,5,35.66,178.3,支付宝,是,线下
ORD0196,C0911,2024-07-18,配件,耳机壳,4,26.41,105.64,银行卡,否,APP
ORD0196,C0911,2024-07-18,手办,佐助手办,2,250.85,501.7,银行卡,否,APP
ORD0196,C0911,2024-07-18,配件,充电宝,2,95.36,190.72,银行卡,否,APP
ORD0196,C0911,2024-07-18,手办,皮卡丘手办,4,385.64,1542.56,银行卡,否,APP
ORD0196,C0911,2024-07-18,手办,蕾姆手办,1,359.48,359.48,银行卡,否,APP
ORD0197,C0281,2024-08-02,盲盒,迪士尼盲盒,5,77.95,389.75,微信支付,否,线下
ORD0197,C0281,2024-08-02,服饰,运动鞋,4,436.13,1744.52,微信支付,否,线下
ORD0197,C0281,2024-08-02,服饰,拖鞋,1,69.47,69.47,微信支付,否,线下
ORD0197,C0281,2024-08-02,周边,书签,3,26.28,78.84,微信支付,否,线下
ORD0197,C0281,2024-08-02,配件,台灯,1,133.56,133.56,微信支付,否,线下
ORD0198,C0642,2024-09-11,手办,皮卡丘手办,4,399.27,1597.08,微信支付,否,线下
ORD0198,C0642,2024-09-11,周边,明信片,1,15.97,15.97,微信支付,否,线下
ORD0198,C0642,2024-09-11,周边,文件夹,4,36.59,146.36,微信支付,否,线下
ORD0198,C0642,2024-09-11,配件,鼠标垫,3,34.54,103.62,微信支付,否,线下
ORD0199,C0704,2024-05-17,手办,高达模型,1,282.76,282.76,支付宝,否,小程序
ORD0199,C0704,2024-05-17,手办,悟空手办,1,365.44,365.44,支付宝,否,小程序
ORD0199,C0704,2024-05-17,手办,皮卡丘手办,3,415.85,1247.55,支付宝,否,小程序
ORD0200,C0812,2024-02-08,配件,雨伞,1,60.81,60.81,支付宝,是,线下
ORD0200,C0812,2024-02-08,盲盒,Molly系列盲盒,1,87.52,87.52,支付宝,是,线下
ORD0201,C0390,2024-05-06,手办,柯南手办,3,294.27,882.81,银行卡,否,小程序
ORD0201,C0390,2024-05-06,盲盒,海贼王盲盒,3,91.19,273.57,银行卡,否,小程序
ORD0201,C0390,2024-05-06,手办,高达模型,1,299.69,299.69,银行卡,否,小程序
ORD0202,C0633,2024-04-30,手办,海贼王手办,2,273.4,546.8,支付宝,否,APP
ORD0202,C0633,2024-04-30,配件,台灯,3,134.25,402.75,支付宝,否,APP
ORD0202,C0633,2024-04-30,周边,明信片,1,15.14,15.14,支付宝,否,APP
ORD0202,C0633,2024-04-30,手办,明日香手办,3,330.47,991.41,支付宝,否,APP
ORD0202,C0633,2024-04-30,盲盒,哈利波特盲盒,1,137.65,137.65,支付宝,否,APP
ORD0203,C0686,2025-05-20,盲盒,Labubu系列盲盒,2,98.14,196.28,微信支付,否,APP
ORD0203,C0686,2025-05-20,周边,文件夹,4,31.85,127.4,微信支付,否,APP
ORD0204,C0833,2024-06-27,服饰,围巾,1,95.25,95.25,微信支付,否,小程序
ORD0204,C0833,2024-06-27,盲盒,Molly系列盲盒,2,91.91,183.82,微信支付,否,小程序
ORD0204,C0833,2024-06-27,手办,蕾姆手办,3,430.48,1291.44,微信支付,否,小程序
ORD0204,C0833,2024-06-27,配件,耳机壳,1,28.26,28.26,微信支付,否,小程序
ORD0205,C0351,2024-07-06,周边,胶带,4,29.68,118.72,微信支付,否,小程序
ORD0205,C0351,2024-07-06,手办,皮卡丘手办,2,414.65,829.3,微信支付,否,小程序
ORD0205,C0351,2024-07-06,盲盒,迪士尼盲盒,1,77.67,77.67,微信支付,否,小程序
ORD0205,C0351,2024-07-06,配件,充电宝,5,102.53,512.65,微信支付,否,小程序
ORD0205,C0351,2024-07-06,手办,海贼王手办,4,273.46,1093.84,微信支付,否,小程序
ORD0206,C0627,2024-01-30,服饰,斜挎包,1,139.0,139.0,银行卡,否,线下
ORD0206,C0627,2024-01-30,服饰,拖鞋,1,65.71,65.71,银行卡,否,线下
ORD0206,C0627,2024-01-30,周边,书签,5,26.34,131.7,银行卡,否,线下
ORD0207,C0591,2025-08-01,服饰,卫衣,4,192.86,771.44,微信支付,否,线下
ORD0207,C0591,2025-08-01,服饰,睡衣,5,171.47,857.35,微信支付,否,线下
ORD0208,C0628,2024-02-25,服饰,睡衣,1,167.0,167.0,微信支付,否,线下
ORD0208,C0628,2024-02-25,周边,冰箱贴,3,20.79,62.37,微信支付,否,线下
ORD0208,C0628,2024-02-25,盲盒,海贼王盲盒,2,89.9,179.8,微信支付,否,线下
ORD0208,C0628,2024-02-25,服饰,运动鞋,2,365.39,730.78,微信支付,否,线下
ORD0208,C0628,2024-02-25,服饰,袜子套装,4,44.96,179.84,微信支付,否,线下
ORD0209,C0511,2025-04-02,盲盒,潘神盲盒,4,71.67,286.68,支付宝,否,APP
ORD0209,C0511,2025-04-02,配件,雨伞,1,62.44,62.44,支付宝,否,APP
ORD0210,C0987,2025-09-25,服饰,连衣裙,3,318.45,955.35,银行卡,否,小程序
ORD0210,C0987,2025-09-25,手办,明日香手办,3,353.2,1059.6,银行卡,否,小程序
ORD0210,C0987,2025-09-25,配件,钥匙扣,4,40.69,162.76,银行卡,否,小程序
ORD0211,C0373,2025-04-08,盲盒,Yuki盲盒,3,62.89,188.67,微信支付,否,APP
ORD0211,C0373,2025-04-08,周边,海报,5,43.87,219.35,微信支付,否,APP
ORD0211,C0373,2025-04-08,盲盒,Molly系列盲盒,2,88.87,177.74,微信支付,否,APP
ORD0212,C0842,2025-02-23,盲盒,潘神盲盒,2,78.32,156.64,微信支付,否,小程序
ORD0212,C0842,2025-02-23,手办,蕾姆手办,1,419.52,419.52,微信支付,否,小程序
ORD0212,C0842,2025-02-23,盲盒,火影忍者盲盒,1,72.76,72.76,微信支付,否,小程序
ORD0213,C0462,2025-04-13,服饰,拖鞋,5,72.26,361.3,银行卡,否,线下
ORD0213,C0462,2025-04-13,配件,手机壳,5,48.83,244.15,银行卡,否,线下
ORD0213,C0462,2025-04-13,配件,蓝牙音箱,5,186.01,930.05,银行卡,否,线下
ORD0214,C0835,2024-05-11,配件,手机壳,4,53.7,214.8,微信支付,否,小程序
ORD0214,C0835,2024-05-11,手办,绫波丽手办,4,359.5,1438.0,微信支付,否,小程序
ORD0214,C0835,2024-05-11,周边,钥匙扣,2,26.9,53.8,微信支付,否,小程序
ORD0214,C0835,2024-05-11,配件,鼠标垫,3,37.4,112.2,微信支付,否,小程序
ORD0215,C0561,2024-11-17,手办,悟空手办,5,374.39,1871.95,银行卡,否,线下
ORD0215,C0561,2024-11-17,周边,明信片,2,15.01,30.02,银行卡,否,线下
ORD0215,C0561,2024-11-17,周边,帆布包,3,79.98,239.94,银行卡,否,线下
ORD0216,C0597,2025-08-07,服饰,拖鞋,5,63.57,317.85,银行卡,否,线下
ORD0216,C0597,2025-08-07,服饰,睡衣,1,164.41,164.41,银行卡,否,线下
ORD0216,C0597,2025-08-07,手办,绫波丽手办,2,360.82,721.64,银行卡,否,线下
ORD0216,C0597,2025-08-07,周边,明信片,1,15.57,15.57,银行卡,否,线下
ORD0217,C0303,2024-07-27,盲盒,火影忍者盲盒,5,74.03,370.15,银行卡,否,APP
ORD0217,C0303,2024-07-27,配件,手机壳,2,49.11,98.22,银行卡,否,APP
ORD0217,C0303,2024-07-27,周边,书签,4,24.44,97.76,银行卡,否,APP
ORD0217,C0303,2024-07-27,周边,海报,1,40.62,40.62,银行卡,否,APP
ORD0217,C0303,2024-07-27,周边,冰箱贴,5,20.4,102.0,银行卡,否,APP
ORD0218,C0882,2025-03-29,配件,鼠标垫,5,32.88,164.4,微信支付,否,线下
ORD0218,C0882,2025-03-29,手办,绫波丽手办,4,307.77,1231.08,微信支付,否,线下
ORD0218,C0882,2025-03-29,盲盒,迪士尼盲盒,2,82.71,165.42,微信支付,否,线下
ORD0218,C0882,2025-03-29,盲盒,潘神盲盒,1,77.87,77.87,微信支付,否,线下
ORD0219,C0570,2024-09-27,盲盒,Yuki盲盒,4,61.47,245.88,微信支付,否,APP
ORD0219,C0570,2024-09-27,手办,柯南手办,2,324.63,649.26,微信支付,否,APP
ORD0219,C0570,2024-09-27,配件,雨伞,5,63.05,315.25,微信支付,否,APP
ORD0219,C0570,2024-09-27,周边,钥匙扣,5,29.29,146.45,微信支付,否,APP
ORD0220,C0075,2025-12-25,配件,水杯,5,41.93,209.65,支付宝,是,线下
ORD0220,C0075,2025-12-25,配件,鼠标垫,4,32.14,128.56,支付宝,是,线下
ORD0220,C0075,2025-12-25,手办,悟空手办,3,346.87,1040.61,支付宝,是,线下
ORD0221,C0301,2024-08-11,盲盒,Yuki盲盒,4,55.94,223.76,银行卡,否,线下
ORD0221,C0301,2024-08-11,配件,钥匙扣,2,42.58,85.16,银行卡,否,线下
ORD0222,C0699,2024-11-24,盲盒,海贼王盲盒,3,89.25,267.75,支付宝,否,APP
ORD0222,C0699,2024-11-24,配件,充电宝,4,89.97,359.88,支付宝,否,APP
ORD0222,C0699,2024-11-24,手办,蕾姆手办,5,365.67,1828.35,支付宝,否,APP
ORD0222,C0699,2024-11-24,盲盒,迪士尼盲盒,5,79.52,397.6,支付宝,否,APP
ORD0223,C0642,2024-03-08,服饰,围巾,2,89.67,179.34,微信支付,否,线下
ORD0223,C0642,2024-03-08,服饰,围巾,2,80.52,161.04,微信支付,否,线下
ORD0223,C0642,2024-03-08,周边,书签,1,22.87,22.87,微信支付,否,线下
ORD0224,C0183,2024-09-14,周边,胶带,4,27.73,110.92,银行卡,否,APP
ORD0224,C0183,2024-09-14,服饰,运动鞋,3,360.45,1081.35,银行卡,否,APP
ORD0224,C0183,2024-09-14,盲盒,海贼王盲盒,1,91.52,91.52,银行卡,否,APP
ORD0225,C0634,2024-03-05,周边,海报,1,43.11,43.11,银行卡,是,线下
ORD0225,C0634,2024-03-05,周边,T恤,1,94.67,94.67,银行卡,是,线下
ORD0226,C0949,2025-03-24,服饰,睡衣,5,150.09,750.45,支付宝,否,小程序
ORD0226,C0949,2025-03-24,服饰,帽子,3,86.27,258.81,支付宝,否,小程序
ORD0227,C0148,2024-11-01,配件,鼠标垫,2,32.36,64.72,银行卡,否,线下
ORD0227,C0148,2024-11-01,盲盒,火影忍者盲盒,5,67.54,337.7,银行卡,否,线下
ORD0228,C0561,2024-03-28,手办,高达模型,5,277.62,1388.1,支付宝,否,APP
ORD0228,C0561,2024-03-28,手办,悟空手办,5,383.03,1915.15,支付宝,否,APP
ORD0228,C0561,2024-03-28,手办,皮卡丘手办,2,412.64,825.28,支付宝,否,APP
ORD0228,C0561,2024-03-28,配件,雨伞,5,58.54,292.7,支付宝,否,APP
ORD0229,C0563,2024-03-15,手办,海贼王手办,4,282.39,1129.56,支付宝,是,线下
ORD0229,C0563,2024-03-15,周边,明信片,2,13.8,27.6,支付宝,是,线下
ORD0230,C0635,2024-03-12,配件,耳机壳,5,26.98,134.9,微信支付,否,小程序
ORD0230,C0635,2024-03-12,配件,背包,3,282.76,848.28,微信支付,否,小程序
ORD0230,C0635,2024-03-12,手办,柯南手办,3,283.82,851.46,微信支付,否,小程序
ORD0230,C0635,2024-03-12,手办,高达模型,3,319.34,958.02,微信支付,否,小程序
ORD0231,C0138,2025-11-26,服饰,连衣裙,3,298.22,894.66,银行卡,否,小程序
ORD0231,C0138,2025-11-26,盲盒,迪士尼盲盒,5,72.4,362.0,银行卡,否,小程序
ORD0231,C0138,2025-11-26,周边,明信片,5,14.09,70.45,银行卡,否,小程序
ORD0231,C0138,2025-11-26,盲盒,哈利波特盲盒,1,138.02,138.02,银行卡,否,小程序
ORD0231,C0138,2025-11-26,盲盒,火影忍者盲盒,5,67.69,338.45,银行卡,否,小程序
ORD0232,C0605,2024-08-05,手办,蕾姆手办,4,376.92,1507.68,微信支付,是,线下
ORD0232,C0605,2024-08-05,配件,耳机壳,2,28.8,57.6,微信支付,是,线下
ORD0232,C0605,2024-08-05,配件,水杯,4,43.77,175.08,微信支付,是,线下
ORD0232,C0605,2024-08-05,盲盒,Bunny盲盒,5,71.54,357.7,微信支付,是,线下
ORD0232,C0605,2024-08-05,配件,蓝牙音箱,4,185.44,741.76,微信支付,是,线下
ORD0233,C0580,2025-08-02,周边,书签,2,26.31,52.62,银行卡,否,APP
ORD0233,C0580,2025-08-02,手办,皮卡丘手办,3,388.58,1165.74,银行卡,否,APP
ORD0233,C0580,2025-08-02,盲盒,Bunny盲盒,5,74.63,373.15,银行卡,否,APP
ORD0233,C0580,2025-08-02,周边,胶带,4,30.34,121.36,银行卡,否,APP
ORD0233,C0580,2025-08-02,盲盒,Molly系列盲盒,3,81.94,245.82,银行卡,否,APP
ORD0234,C0992,2025-06-17,配件,鼠标垫,5,32.72,163.6,银行卡,否,小程序
ORD0234,C0992,2025-06-17,服饰,连衣裙,5,308.17,1540.85,银行卡,否,小程序
ORD0234,C0992,2025-06-17,盲盒,海贼王盲盒,3,86.8,260.4,银行卡,否,小程序
ORD0234,C0992,2025-06-17,手办,喷火龙手办,4,270.79,1083.16,银行卡,否,小程序
ORD0235,C0889,2024-12-19,配件,蓝牙音箱,4,185.69,742.76,支付宝,否,小程序
ORD0235,C0889,2024-12-19,盲盒,海贼王盲盒,3,83.87,251.61,支付宝,否,小程序
ORD0236,C0192,2024-06-10,手办,高达模型,3,312.17,936.51,支付宝,否,线下
ORD0236,C0192,2024-06-10,服饰,斜挎包,4,121.54,486.16,支付宝,否,线下
ORD0237,C0166,2025-10-24,配件,钥匙扣,2,36.15,72.3,支付宝,是,APP
ORD0237,C0166,2025-10-24,配件,雨伞,5,54.83,274.15,支付宝,是,APP
ORD0237,C0166,2025-10-24,手办,绫波丽手办,2,330.09,660.18,支付宝,是,APP
ORD0238,C0416,2025-09-05,盲盒,Bunny盲盒,4,70.47,281.88,银行卡,是,线下
ORD0238,C0416,2025-09-05,服饰,斜挎包,2,121.76,243.52,银行卡,是,线下
ORD0238,C0416,2025-09-05,服饰,袜子套装,2,51.89,103.78,银行卡,是,线下
ORD0238,C0416,2025-09-05,手办,海贼王手办,5,246.8,1234.0,银行卡,是,线下
ORD0239,C0742,2025-12-03,手办,高达模型,4,277.01,1108.04,支付宝,否,小程序
ORD0239,C0742,2025-12-03,盲盒,Bunny盲盒,5,73.96,369.8,支付宝,否,小程序
ORD0240,C0517,2025-12-01,服饰,袜子套装,5,44.48,222.4,支付宝,否,APP
ORD0240,C0517,2025-12-01,配件,鼠标垫,1,32.15,32.15,支付宝,否,APP
ORD0240,C0517,2025-12-01,手办,海贼王手办,5,275.97,1379.85,支付宝,否,APP
ORD0241,C0919,2025-11-25,盲盒,海贼王盲盒,4,84.18,336.72,银行卡,否,小程序
ORD0241,C0919,2025-11-25,服饰,运动鞋,3,406.11,1218.33,银行卡,否,小程序
ORD0241,C0919,2025-11-25,配件,水杯,4,41.7,166.8,银行卡,否,小程序
ORD0241,C0919,2025-11-25,服饰,卫衣,1,190.37,190.37,银行卡,否,小程序
ORD0242,C0898,2025-07-10,配件,鼠标垫,1,35.14,35.14,支付宝,是,小程序
ORD0242,C0898,2025-07-10,服饰,卫衣,3,195.37,586.11,支付宝,是,小程序
ORD0243,C0110,2024-06-07,配件,手机壳,5,47.68,238.4,支付宝,否,线下
ORD0243,C0110,2024-06-07,周边,胶带,2,27.51,55.02,支付宝,否,线下
ORD0243,C0110,2024-06-07,配件,充电宝,2,96.43,192.86,支付宝,否,线下
ORD0243,C0110,2024-06-07,配件,充电宝,3,108.67,326.01,支付宝,否,线下
ORD0244,C0592,2024-12-18,手办,明日香手办,2,321.1,642.2,银行卡,否,小程序
ORD0244,C0592,2024-12-18,配件,手机壳,3,51.95,155.85,银行卡,否,小程序
ORD0245,C0629,2025-12-14,盲盒,哈利波特盲盒,2,128.27,256.54,银行卡,是,线下
ORD0245,C0629,2025-12-14,配件,手机壳,1,44.73,44.73,银行卡,是,线下
ORD0245,C0629,2025-12-14,手办,蕾姆手办,1,407.7,407.7,银行卡,是,线下
ORD0245,C0629,2025-12-14,服饰,运动鞋,5,411.46,2057.3,银行卡,是,线下
ORD0245,C0629,2025-12-14,周边,T恤,1,107.83,107.83,银行卡,是,线下
ORD0246,C0840,2024-06-28,配件,耳机壳,2,26.29,52.58,银行卡,否,小程序
ORD0246,C0840,2024-06-28,配件,鼠标垫,5,36.39,181.95,银行卡,否,小程序
ORD0246,C0840,2024-06-28,配件,蓝牙音箱,1,193.42,193.42,银行卡,否,小程序
ORD0247,C0671,2024-01-01,周边,胶带,4,28.48,113.92,微信支付,否,APP
ORD0247,C0671,2024-01-01,配件,雨伞,1,63.95,63.95,微信支付,否,APP
ORD0247,C0671,2024-01-01,配件,耳机壳,5,31.41,157.05,微信支付,否,APP
ORD0247,C0671,2024-01-01,周边,徽章,3,36.87,110.61,微信支付,否,APP
ORD0247,C0671,2024-01-01,手办,明日香手办,4,354.23,1416.92,微信支付,否,APP
ORD0248,C0268,2024-06-28,配件,耳机壳,3,31.59,94.77,支付宝,是,线下
ORD0248,C0268,2024-06-28,配件,耳机壳,5,30.82,154.1,支付宝,是,线下
ORD0249,C0589,2024-09-13,手办,蕾姆手办,4,413.49,1653.96,银行卡,否,小程序
ORD0249,C0589,2024-09-13,配件,雨伞,4,54.47,217.88,银行卡,否,小程序
ORD0249,C0589,2024-09-13,盲盒,潘神盲盒,2,81.8,163.6,银行卡,否,小程序
ORD0249,C0589,2024-09-13,手办,蕾姆手办,4,435.34,1741.36,银行卡,否,小程序
ORD0249,C0589,2024-09-13,配件,鼠标垫,1,36.41,36.41,银行卡,否,小程序
ORD0250,C0270,2024-09-11,盲盒,海贼王盲盒,2,88.58,177.16,支付宝,否,APP
ORD0250,C0270,2024-09-11,周边,冰箱贴,5,18.12,90.6,支付宝,否,APP
ORD0250,C0270,2024-09-11,手办,明日香手办,2,330.49,660.98,支付宝,否,APP
ORD0250,C0270,2024-09-11,手办,绫波丽手办,2,311.18,622.36,支付宝,否,APP
ORD0251,C0855,2024-09-12,盲盒,哈利波特盲盒,4,131.94,527.76,银行卡,是,小程序
ORD0251,C0855,2024-09-12,配件,雨伞,4,57.48,229.92,银行卡,是,小程序
ORD0252,C0323,2025-05-19,服饰,卫衣,5,184.2,921.0,银行卡,否,小程序
ORD0252,C0323,2025-05-19,配件,手机壳,4,53.31,213.24,银行卡,否,小程序
ORD0252,C0323,2025-05-19,盲盒,海贼王盲盒,3,87.11,261.33,银行卡,否,小程序
ORD0252,C0323,2025-05-19,手办,明日香手办,1,362.84,362.84,银行卡,否,小程序
ORD0253,C0472,2024-11-19,服饰,袜子套装,1,47.29,47.29,银行卡,是,APP
ORD0253,C0472,2024-11-19,配件,耳机壳,2,29.28,58.56,银行卡,是,APP
ORD0253,C0472,2024-11-19,手办,绫波丽手办,4,359.17,1436.68,银行卡,是,APP
ORD0254,C0352,2025-01-09,周边,徽章,4,37.28,149.12,微信支付,否,小程序
ORD0254,C0352,2025-01-09,手办,海贼王手办,2,283.83,567.66,微信支付,否,小程序
ORD0254,C0352,2025-01-09,手办,皮卡丘手办,3,423.27,1269.81,微信支付,否,小程序
ORD0254,C0352,2025-01-09,配件,手机壳,4,46.02,184.08,微信支付,否,小程序
ORD0254,C0352,2025-01-09,手办,明日香手办,1,326.43,326.43,微信支付,否,小程序
ORD0255,C0512,2024-05-17,服饰,牛仔裤,3,262.22,786.66,银行卡,否,线下
ORD0255,C0512,2024-05-17,配件,雨伞,4,54.27,217.08,银行卡,否,线下
ORD0255,C0512,2024-05-17,手办,柯南手办,2,317.77,635.54,银行卡,否,线下
ORD0255,C0512,2024-05-17,服饰,围巾,4,93.35,373.4,银行卡,否,线下
ORD0256,C0267,2025-01-04,周边,书签,4,23.11,92.44,支付宝,否,线下
ORD0256,C0267,2025-01-04,配件,台灯,5,130.96,654.8,支付宝,否,线下
ORD0256,C0267,2025-01-04,配件,蓝牙音箱,3,193.23,579.69,支付宝,否,线下
ORD0256,C0267,2025-01-04,配件,充电宝,4,106.71,426.84,支付宝,否,线下
ORD0257,C0391,2025-09-20,手办,蕾姆手办,4,409.48,1637.92,支付宝,否,小程序
ORD0257,C0391,2025-09-20,配件,手机壳,1,44.88,44.88,支付宝,否,小程序
ORD0257,C0391,2025-09-20,周边,冰箱贴,3,18.3,54.9,支付宝,否,小程序
ORD0258,C0299,2025-12-28,服饰,连衣裙,5,300.25,1501.25,支付宝,否,线下
ORD0258,C0299,2025-12-28,服饰,运动鞋,2,373.77,747.54,支付宝,否,线下
ORD0258,C0299,2025-12-28,盲盒,迪士尼盲盒,2,81.56,163.12,支付宝,否,线下
ORD0258,C0299,2025-12-28,盲盒,Bunny盲盒,2,67.58,135.16,支付宝,否,线下
ORD0259,C0098,2024-03-06,配件,水杯,1,42.86,42.86,支付宝,是,线下
ORD0259,C0098,2024-03-06,手办,皮卡丘手办,4,383.79,1535.16,支付宝,是,线下
ORD0259,C0098,2024-03-06,手办,绫波丽手办,4,337.32,1349.28,支付宝,是,线下
ORD0259,C0098,2024-03-06,手办,喷火龙手办,2,252.69,505.38,支付宝,是,线下
ORD0259,C0098,2024-03-06,周边,徽章,4,38.74,154.96,支付宝,是,线下
ORD0260,C0892,2025-07-07,配件,钥匙扣,4,40.02,160.08,支付宝,否,线下
ORD0260,C0892,2025-07-07,配件,手机壳,5,50.37,251.85,支付宝,否,线下
ORD0260,C0892,2025-07-07,配件,耳机壳,3,28.89,86.67,支付宝,否,线下
ORD0261,C0233,2024-04-01,手办,绫波丽手办,1,296.11,296.11,支付宝,否,小程序
ORD0261,C0233,2024-04-01,手办,蕾姆手办,3,396.54,1189.62,支付宝,否,小程序
ORD0261,C0233,2024-04-01,盲盒,A仔盲盒,4,47.04,188.16,支付宝,否,小程序
ORD0261,C0233,2024-04-01,服饰,牛仔裤,5,245.08,1225.4,支付宝,否,小程序
ORD0262,C0008,2025-07-15,服饰,卫衣,2,207.55,415.1,支付宝,否,APP
ORD0262,C0008,2025-07-15,服饰,运动鞋,2,380.09,760.18,支付宝,否,APP
ORD0262,C0008,2025-07-15,服饰,卫衣,5,209.53,1047.65,支付宝,否,APP
ORD0262,C0008,2025-07-15,配件,耳机壳,3,29.86,89.58,支付宝,否,APP
ORD0262,C0008,2025-07-15,配件,耳机壳,4,27.19,108.76,支付宝,否,APP
ORD0263,C0071,2024-07-05,配件,充电宝,3,102.97,308.91,微信支付,是,小程序
ORD0263,C0071,2024-07-05,服饰,卫衣,3,179.87,539.61,微信支付,是,小程序
ORD0263,C0071,2024-07-05,盲盒,海贼王盲盒,1,83.41,83.41,微信支付,是,小程序
ORD0263,C0071,2024-07-05,盲盒,Labubu系列盲盒,3,91.58,274.74,微信支付,是,小程序
ORD0263,C0071,2024-07-05,服饰,拖鞋,2,63.34,126.68,微信支付,是,小程序
ORD0264,C0016,2025-05-20,周边,钥匙扣,1,28.02,28.02,微信支付,否,小程序
ORD0264,C0016,2025-05-20,手办,柯南手办,3,315.48,946.44,微信支付,否,小程序
ORD0264,C0016,2025-05-20,盲盒,海贼王盲盒,4,83.33,333.32,微信支付,否,小程序
ORD0264,C0016,2025-05-20,周边,胶带,1,25.88,25.88,微信支付,否,小程序
ORD0264,C0016,2025-05-20,手办,高达模型,4,283.88,1135.52,微信支付,否,小程序
ORD0265,C0035,2024-07-22,服饰,运动鞋,3,433.81,1301.43,支付宝,否,线下
ORD0265,C0035,2024-07-22,手办,柯南手办,5,300.25,1501.25,支付宝,否,线下
ORD0265,C0035,2024-07-22,周边,钥匙扣,3,27.25,81.75,支付宝,否,线下
ORD0266,C0909,2024-02-23,服饰,连衣裙,1,279.11,279.11,银行卡,否,APP
ORD0266,C0909,2024-02-23,周边,T恤,1,96.94,96.94,银行卡,否,APP
ORD0266,C0909,2024-02-23,手办,柯南手办,1,303.85,303.85,银行卡,否,APP
ORD0267,C0708,2025-05-01,手办,佐助手办,4,237.83,951.32,银行卡,是,线下
ORD0267,C0708,2025-05-01,配件,背包,1,236.2,236.2,银行卡,是,线下
ORD0268,C0661,2024-06-06,服饰,卫衣,3,218.17,654.51,银行卡,否,线下
ORD0268,C0661,2024-06-06,周边,钥匙扣,2,26.22,52.44,银行卡,否,线下
ORD0268,C0661,2024-06-06,服饰,连衣裙,2,284.09,568.18,银行卡,否,线下
ORD0269,C0041,2025-05-11,手办,海贼王手办,2,261.26,522.52,银行卡,否,小程序
ORD0269,C0041,2025-05-11,周边,钥匙扣,3,31.13,93.39,银行卡,否,小程序
ORD0269,C0041,2025-05-11,配件,鼠标垫,2,31.98,63.96,银行卡,否,小程序
ORD0269,C0041,2025-05-11,手办,明日香手办,3,371.3,1113.9,银行卡,否,小程序
ORD0269,C0041,2025-05-11,配件,背包,4,233.14,932.56,银行卡,否,小程序
ORD0270,C0654,2025-06-02,配件,背包,5,245.47,1227.35,支付宝,是,线下
ORD0270,C0654,2025-06-02,盲盒,海贼王盲盒,4,83.48,333.92,支付宝,是,线下
ORD0271,C0700,2025-05-24,服饰,连衣裙,1,274.86,274.86,银行卡,否,APP
ORD0271,C0700,2025-05-24,盲盒,Molly系列盲盒,2,83.28,166.56,银行卡,否,APP
ORD0271,C0700,2025-05-24,盲盒,Bunny盲盒,1,68.8,68.8,银行卡,否,APP
ORD0271,C0700,2025-05-24,盲盒,Molly系列盲盒,5,91.52,457.6,银行卡,否,APP
ORD0272,C0398,2025-11-04,盲盒,Yuki盲盒,2,60.25,120.5,支付宝,否,线下
ORD0272,C0398,2025-11-04,盲盒,Molly系列盲盒,2,91.77,183.54,支付宝,否,线下
ORD0272,C0398,2025-11-04,盲盒,A仔盲盒,1,47.64,47.64,支付宝,否,线下
ORD0272,C0398,2025-11-04,服饰,连衣裙,1,318.35,318.35,支付宝,否,线下
ORD0273,C0273,2025-06-25,盲盒,Bunny盲盒,5,63.44,317.2,微信支付,是,线下
ORD0273,C0273,2025-06-25,手办,喷火龙手办,4,261.67,1046.68,微信支付,是,线下
ORD0273,C0273,2025-06-25,配件,台灯,5,132.23,661.15,微信支付,是,线下
ORD0273,C0273,2025-06-25,手办,喷火龙手办,5,274.27,1371.35,微信支付,是,线下
ORD0274,C0109,2025-10-15,盲盒,迪士尼盲盒,2,79.79,159.58,银行卡,否,小程序
ORD0274,C0109,2025-10-15,配件,背包,2,260.76,521.52,银行卡,否,小程序
ORD0274,C0109,2025-10-15,配件,充电宝,3,106.97,320.91,银行卡,否,小程序
ORD0274,C0109,2025-10-15,配件,背包,3,254.46,763.38,银行卡,否,小程序
ORD0274,C0109,2025-10-15,服饰,连衣裙,5,283.5,1417.5,银行卡,否,小程序
ORD0275,C0559,2024-08-07,周边,钥匙扣,4,31.67,126.68,支付宝,否,线下
ORD0275,C0559,2024-08-07,盲盒,Molly系列盲盒,3,90.7,272.1,支付宝,否,线下
ORD0275,C0559,2024-08-07,配件,蓝牙音箱,3,179.36,538.08,支付宝,否,线下
ORD0275,C0559,2024-08-07,手办,悟空手办,3,324.66,973.98,支付宝,否,线下
ORD0276,C0842,2025-12-07,盲盒,Molly系列盲盒,4,86.43,345.72,支付宝,否,线下
ORD0276,C0842,2025-12-07,手办,绫波丽手办,3,354.64,1063.92,支付宝,否,线下
ORD0276,C0842,2025-12-07,手办,悟空手办,3,381.34,1144.02,支付宝,否,线下
ORD0277,C0095,2025-08-07,周边,钥匙扣,2,28.93,57.86,支付宝,否,线下
ORD0277,C0095,2025-08-07,配件,水杯,5,46.28,231.4,支付宝,否,线下
ORD0278,C0039,2025-08-13,周边,胶带,4,30.41,121.64,支付宝,否,APP
ORD0278,C0039,2025-08-13,盲盒,Bunny盲盒,5,74.92,374.6,支付宝,否,APP
ORD0278,C0039,2025-08-13,服饰,拖鞋,3,69.34,208.02,支付宝,否,APP
ORD0278,C0039,2025-08-13,周边,海报,5,41.85,209.25,支付宝,否,APP
ORD0279,C0515,2025-12-15,服饰,袜子套装,5,49.05,245.25,微信支付,是,APP
ORD0279,C0515,2025-12-15,手办,高达模型,3,316.12,948.36,微信支付,是,APP
ORD0279,C0515,2025-12-15,手办,佐助手办,3,237.38,712.14,微信支付,是,APP
ORD0279,C0515,2025-12-15,配件,雨伞,5,57.81,289.05,微信支付,是,APP
ORD0279,C0515,2025-12-15,盲盒,潘神盲盒,5,77.96,389.8,微信支付,是,APP
ORD0280,C0715,2024-05-13,服饰,袜子套装,2,49.6,99.2,微信支付,否,小程序
ORD0280,C0715,2024-05-13,配件,台灯,2,117.95,235.9,微信支付,否,小程序
ORD0280,C0715,2024-05-13,服饰,连衣裙,5,274.46,1372.3,微信支付,否,小程序
ORD0280,C0715,2024-05-13,服饰,运动鞋,3,386.89,1160.67,微信支付,否,小程序
ORD0280,C0715,2024-05-13,周边,徽章,5,40.21,201.05,微信支付,否,小程序
ORD0281,C0789,2024-11-08,配件,蓝牙音箱,4,180.89,723.56,微信支付,否,小程序
ORD0281,C0789,2024-11-08,手办,悟空手办,3,334.3,1002.9,微信支付,否,小程序
ORD0281,C0789,2024-11-08,盲盒,哈利波特盲盒,1,122.37,122.37,微信支付,否,小程序
ORD0281,C0789,2024-11-08,配件,蓝牙音箱,3,179.65,538.95,微信支付,否,小程序
ORD0281,C0789,2024-11-08,盲盒,Labubu系列盲盒,4,98.43,393.72,微信支付,否,小程序
ORD0282,C0340,2024-08-02,配件,充电宝,5,103.55,517.75,银行卡,是,线下
ORD0282,C0340,2024-08-02,手办,柯南手办,4,303.96,1215.84,银行卡,是,线下
ORD0282,C0340,2024-08-02,配件,雨伞,3,55.11,165.33,银行卡,是,线下
ORD0282,C0340,2024-08-02,周边,冰箱贴,5,18.13,90.65,银行卡,是,线下
ORD0283,C0477,2025-11-01,周边,帆布包,1,75.72,75.72,微信支付,否,APP
ORD0283,C0477,2025-11-01,服饰,卫衣,4,199.34,797.36,微信支付,否,APP
ORD0283,C0477,2025-11-01,盲盒,Yuki盲盒,4,63.33,253.32,微信支付,否,APP
ORD0283,C0477,2025-11-01,配件,水杯,2,42.29,84.58,微信支付,否,APP
ORD0284,C0990,2025-04-13,配件,耳机壳,3,28.94,86.82,银行卡,是,线下
ORD0284,C0990,2025-04-13,手办,柯南手办,3,310.02,930.06,银行卡,是,线下
ORD0284,C0990,2025-04-13,周边,文件夹,2,38.47,76.94,银行卡,是,线下
ORD0285,C0514,2024-10-09,盲盒,海贼王盲盒,3,84.12,252.36,微信支付,是,线下
ORD0285,C0514,2024-10-09,周边,胶带,2,25.69,51.38,微信支付,是,线下
ORD0285,C0514,2024-10-09,服饰,帽子,5,84.89,424.45,微信支付,是,线下
ORD0285,C0514,2024-10-09,手办,高达模型,2,303.36,606.72,微信支付,是,线下
ORD0285,C0514,2024-10-09,服饰,牛仔裤,5,250.16,1250.8,微信支付,是,线下
ORD0286,C0556,2024-05-14,手办,绫波丽手办,5,355.95,1779.75,微信支付,是,线下
ORD0286,C0556,2024-05-14,服饰,睡衣,5,172.26,861.3,微信支付,是,线下
ORD0286,C0556,2024-05-14,周边,帆布包,5,79.52,397.6,微信支付,是,线下
ORD0287,C0737,2024-05-01,盲盒,Yuki盲盒,4,64.44,257.76,微信支付,否,小程序
ORD0287,C0737,2024-05-01,周边,钥匙扣,3,26.98,80.94,微信支付,否,小程序
ORD0287,C0737,2024-05-01,手办,皮卡丘手办,2,373.84,747.68,微信支付,否,小程序
ORD0288,C0781,2025-09-18,配件,台灯,2,133.83,267.66,银行卡,否,小程序
ORD0288,C0781,2025-09-18,周边,帆布包,4,73.22,292.88,银行卡,否,小程序
ORD0288,C0781,2025-09-18,配件,充电宝,3,92.74,278.22,银行卡,否,小程序
ORD0289,C0397,2025-05-18,盲盒,潘神盲盒,1,85.72,85.72,支付宝,是,APP
ORD0289,C0397,2025-05-18,服饰,卫衣,2,209.26,418.52,支付宝,是,APP
ORD0289,C0397,2025-05-18,盲盒,迪士尼盲盒,4,84.8,339.2,支付宝,是,APP
ORD0290,C0502,2025-12-05,服饰,拖鞋,5,72.25,361.25,支付宝,否,小程序
ORD0290,C0502,2025-12-05,服饰,连衣裙,4,305.67,1222.68,支付宝,否,小程序
ORD0290,C0502,2025-12-05,配件,钥匙扣,5,39.2,196.0,支付宝,否,小程序
ORD0290,C0502,2025-12-05,盲盒,海贼王盲盒,1,88.14,88.14,支付宝,否,小程序
ORD0290,C0502,2025-12-05,盲盒,Bunny盲盒,5,69.52,347.6,支付宝,否,小程序
ORD0291,C0753,2024-02-10,手办,绫波丽手办,4,322.29,1289.16,银行卡,否,小程序
ORD0291,C0753,2024-02-10,周边,文件夹,4,32.67,130.68,银行卡,否,小程序
ORD0292,C0302,2025-09-19,服饰,斜挎包,1,134.74,134.74,微信支付,否,线下
ORD0292,C0302,2025-09-19,盲盒,迪士尼盲盒,5,85.92,429.6,微信支付,否,线下
ORD0292,C0302,2025-09-19,配件,蓝牙音箱,4,195.56,782.24,微信支付,否,线下
ORD0293,C0462,2024-01-26,服饰,围巾,3,85.87,257.61,微信支付,否,小程序
ORD0293,C0462,2024-01-26,手办,皮卡丘手办,1,368.21,368.21,微信支付,否,小程序
ORD0293,C0462,2024-01-26,服饰,连衣裙,1,300.42,300.42,微信支付,否,小程序
ORD0294,C0394,2025-06-07,盲盒,迪士尼盲盒,3,80.03,240.09,银行卡,否,APP
ORD0294,C0394,2025-06-07,手办,佐助手办,2,242.37,484.74,银行卡,否,APP
ORD0294,C0394,2025-06-07,盲盒,潘神盲盒,3,75.99,227.97,银行卡,否,APP
ORD0294,C0394,2025-06-07,服饰,牛仔裤,2,239.19,478.38,银行卡,否,APP
ORD0294,C0394,2025-06-07,手办,悟空手办,1,367.8,367.8,银行卡,否,APP
ORD0295,C0260,2024-01-13,配件,充电宝,2,93.39,186.78,支付宝,否,小程序
ORD0295,C0260,2024-01-13,服饰,斜挎包,4,127.5,510.0,支付宝,否,小程序
ORD0296,C0616,2025-09-06,配件,鼠标垫,2,31.84,63.68,微信支付,否,APP
ORD0296,C0616,2025-09-06,手办,柯南手办,3,271.3,813.9,微信支付,否,APP
ORD0296,C0616,2025-09-06,盲盒,火影忍者盲盒,5,66.22,331.1,微信支付,否,APP
ORD0296,C0616,2025-09-06,盲盒,Molly系列盲盒,1,87.52,87.52,微信支付,否,APP
ORD0297,C0183,2024-06-14,服饰,袜子套装,3,53.23,159.69,银行卡,否,小程序
ORD0297,C0183,2024-06-14,盲盒,Labubu系列盲盒,3,96.4,289.2,银行卡,否,小程序
ORD0297,C0183,2024-06-14,服饰,围巾,4,95.11,380.44,银行卡,否,小程序
ORD0298,C0067,2024-10-26,周边,海报,4,45.22,180.88,支付宝,是,APP
ORD0298,C0067,2024-10-26,手办,海贼王手办,1,238.76,238.76,支付宝,是,APP
ORD0298,C0067,2024-10-26,配件,水杯,4,47.02,188.08,支付宝,是,APP
ORD0298,C0067,2024-10-26,配件,耳机壳,4,29.63,118.52,支付宝,是,APP
ORD0299,C0325,2024-09-22,手办,海贼王手办,5,258.81,1294.05,银行卡,否,线下
ORD0299,C0325,2024-09-22,服饰,斜挎包,2,138.9,277.8,银行卡,否,线下
ORD0299,C0325,2024-09-22,手办,绫波丽手办,2,296.2,592.4,银行卡,否,线下
ORD0299,C0325,2024-09-22,盲盒,A仔盲盒,1,51.33,51.33,银行卡,否,线下
ORD0300,C0213,2025-09-22,配件,台灯,1,132.63,132.63,支付宝,是,小程序
ORD0300,C0213,2025-09-22,周边,文件夹,1,33.65,33.65,支付宝,是,小程序
ORD0300,C0213,2025-09-22,配件,鼠标垫,3,36.87,110.61,支付宝,是,小程序
ORD0300,C0213,2025-09-22,盲盒,Yuki盲盒,3,57.77,173.31,支付宝,是,小程序
ORD0301,C0583,2025-09-22,服饰,斜挎包,1,132.76,132.76,微信支付,是,APP
ORD0301,C0583,2025-09-22,服饰,睡衣,4,171.47,685.88,微信支付,是,APP
ORD0301,C0583,2025-09-22,配件,背包,4,273.71,1094.84,微信支付,是,APP
ORD0301,C0583,2025-09-22,服饰,拖鞋,5,66.23,331.15,微信支付,是,APP
ORD0302,C0743,2025-11-25,配件,背包,3,236.53,709.59,支付宝,否,线下
ORD0302,C0743,2025-11-25,手办,绫波丽手办,1,318.42,318.42,支付宝,否,线下
ORD0302,C0743,2025-11-25,服饰,帽子,2,80.12,160.24,支付宝,否,线下
ORD0303,C0399,2024-07-10,周边,书签,3,24.57,73.71,银行卡,否,APP
ORD0303,C0399,2024-07-10,服饰,卫衣,3,197.09,591.27,银行卡,否,APP
ORD0303,C0399,2024-07-10,周边,冰箱贴,5,18.25,91.25,银行卡,否,APP
ORD0303,C0399,2024-07-10,盲盒,Yuki盲盒,1,62.28,62.28,银行卡,否,APP
ORD0304,C0936,2024-04-04,配件,蓝牙音箱,2,192.64,385.28,支付宝,是,线下
ORD0304,C0936,2024-04-04,服饰,帽子,3,83.35,250.05,支付宝,是,线下
ORD0304,C0936,2024-04-04,手办,皮卡丘手办,5,413.1,2065.5,支付宝,是,线下
ORD0304,C0936,2024-04-04,手办,悟空手办,1,356.08,356.08,支付宝,是,线下
ORD0304,C0936,2024-04-04,配件,水杯,1,43.3,43.3,支付宝,是,线下
ORD0305,C0046,2025-12-04,盲盒,海贼王盲盒,3,80.5,241.5,银行卡,否,APP
ORD0305,C0046,2025-12-04,周边,冰箱贴,3,17.86,53.58,银行卡,否,APP
ORD0306,C0294,2024-10-10,周边,明信片,2,14.32,28.64,银行卡,否,小程序
ORD0306,C0294,2024-10-10,盲盒,火影忍者盲盒,5,69.19,345.95,银行卡,否,小程序
ORD0307,C0212,2025-07-09,周边,T恤,2,92.49,184.98,支付宝,否,线下
ORD0307,C0212,2025-07-09,周边,T恤,3,99.8,299.4,支付宝,否,线下
ORD0307,C0212,2025-07-09,盲盒,迪士尼盲盒,1,78.54,78.54,支付宝,否,线下
ORD0308,C0692,2024-02-21,服饰,睡衣,5,171.44,857.2,微信支付,是,小程序
ORD0308,C0692,2024-02-21,服饰,袜子套装,3,47.16,141.48,微信支付,是,小程序
ORD0308,C0692,2024-02-21,手办,喷火龙手办,1,305.43,305.43,微信支付,是,小程序
ORD0308,C0692,2024-02-21,服饰,袜子套装,2,45.01,90.02,微信支付,是,小程序
ORD0308,C0692,2024-02-21,服饰,围巾,4,85.62,342.48,微信支付,是,小程序
ORD0309,C0660,2025-12-28,手办,海贼王手办,3,280.39,841.17,支付宝,是,小程序
ORD0309,C0660,2025-12-28,服饰,睡衣,3,168.18,504.54,支付宝,是,小程序
ORD0309,C0660,2025-12-28,周边,钥匙扣,4,26.28,105.12,支付宝,是,小程序
ORD0310,C0487,2024-04-25,周边,徽章,5,39.58,197.9,支付宝,否,小程序
ORD0310,C0487,2024-04-25,配件,水杯,4,47.86,191.44,支付宝,否,小程序
ORD0310,C0487,2024-04-25,盲盒,Yuki盲盒,5,60.76,303.8,支付宝,否,小程序
ORD0311,C0812,2024-11-05,手办,海贼王手办,2,261.48,522.96,银行卡,否,小程序
ORD0311,C0812,2024-11-05,服饰,运动鞋,1,386.29,386.29,银行卡,否,小程序
ORD0311,C0812,2024-11-05,配件,手机壳,4,49.66,198.64,银行卡,否,小程序
ORD0311,C0812,2024-11-05,周边,海报,2,42.06,84.12,银行卡,否,小程序
ORD0311,C0812,2024-11-05,盲盒,火影忍者盲盒,4,63.68,254.72,银行卡,否,小程序
ORD0312,C0611,2025-04-19,手办,绫波丽手办,4,300.68,1202.72,支付宝,是,线下
ORD0312,C0611,2025-04-19,盲盒,火影忍者盲盒,4,66.62,266.48,支付宝,是,线下
ORD0312,C0611,2025-04-19,盲盒,哈利波特盲盒,2,137.18,274.36,支付宝,是,线下
ORD0312,C0611,2025-04-19,配件,雨伞,2,60.9,121.8,支付宝,是,线下
ORD0312,C0611,2025-04-19,服饰,帽子,3,77.26,231.78,支付宝,是,线下
ORD0313,C0592,2025-04-02,周边,T恤,3,107.29,321.87,微信支付,否,APP
ORD0313,C0592,2025-04-02,服饰,连衣裙,1,303.95,303.95,微信支付,否,APP
ORD0313,C0592,2025-04-02,配件,鼠标垫,4,37.43,149.72,微信支付,否,APP
ORD0313,C0592,2025-04-02,周边,书签,3,27.01,81.03,微信支付,否,APP
ORD0314,C0992,2024-02-24,盲盒,Labubu系列盲盒,1,93.76,93.76,微信支付,否,线下
ORD0314,C0992,2024-02-24,配件,手机壳,3,51.08,153.24,微信支付,否,线下
ORD0314,C0992,2024-02-24,服饰,运动鞋,4,402.6,1610.4,微信支付,否,线下
ORD0314,C0992,2024-02-24,手办,明日香手办,2,327.24,654.48,微信支付,否,线下
ORD0315,C0394,2025-01-03,手办,柯南手办,1,307.87,307.87,支付宝,是,APP
ORD0315,C0394,2025-01-03,手办,明日香手办,4,382.15,1528.6,支付宝,是,APP
ORD0315,C0394,2025-01-03,手办,皮卡丘手办,2,410.35,820.7,支付宝,是,APP
ORD0316,C0426,2025-04-11,服饰,帽子,4,79.82,319.28,银行卡,否,线下
ORD0316,C0426,2025-04-11,服饰,运动鞋,3,377.11,1131.33,银行卡,否,线下
ORD0316,C0426,2025-04-11,服饰,袜子套装,1,49.76,49.76,银行卡,否,线下
ORD0317,C0868,2024-08-30,盲盒,Molly系列盲盒,5,88.7,443.5,银行卡,是,线下
ORD0317,C0868,2024-08-30,周边,帆布包,5,78.71,393.55,银行卡,是,线下
ORD0317,C0868,2024-08-30,盲盒,迪士尼盲盒,5,86.64,433.2,银行卡,是,线下
ORD0317,C0868,2024-08-30,周边,钥匙扣,5,26.55,132.75,银行卡,是,线下
ORD0318,C0912,2025-09-16,配件,钥匙扣,3,39.88,119.64,微信支付,否,APP
ORD0318,C0912,2025-09-16,周边,海报,1,44.72,44.72,微信支付,否,APP
ORD0319,C0525,2025-04-25,周边,文件夹,2,31.75,63.5,银行卡,否,线下
ORD0319,C0525,2025-04-25,配件,耳机壳,5,27.61,138.05,银行卡,否,线下
ORD0319,C0525,2025-04-25,服饰,袜子套装,2,49.71,99.42,银行卡,否,线下
ORD0319,C0525,2025-04-25,周边,T恤,1,94.78,94.78,银行卡,否,线下
ORD0320,C0085,2024-05-09,周边,明信片,5,14.34,71.7,银行卡,否,APP
ORD0320,C0085,2024-05-09,周边,书签,1,25.52,25.52,银行卡,否,APP
ORD0320,C0085,2024-05-09,配件,蓝牙音箱,4,193.82,775.28,银行卡,否,APP
ORD0320,C0085,2024-05-09,手办,绫波丽手办,2,328.01,656.02,银行卡,否,APP
ORD0321,C0819,2025-06-24,配件,蓝牙音箱,4,209.06,836.24,微信支付,否,小程序
ORD0321,C0819,2025-06-24,服饰,运动鞋,2,411.82,823.64,微信支付,否,小程序
ORD0321,C0819,2025-06-24,手办,悟空手办,5,375.83,1879.15,微信支付,否,小程序
ORD0322,C0354,2024-02-25,盲盒,迪士尼盲盒,4,77.4,309.6,银行卡,否,小程序
ORD0322,C0354,2024-02-25,周边,钥匙扣,5,27.46,137.3,银行卡,否,小程序
ORD0323,C0700,2025-12-23,盲盒,Labubu系列盲盒,4,96.66,386.64,支付宝,是,小程序
ORD0323,C0700,2025-12-23,周边,海报,1,41.38,41.38,支付宝,是,小程序
ORD0323,C0700,2025-12-23,配件,背包,4,264.72,1058.88,支付宝,是,小程序
ORD0323,C0700,2025-12-23,周边,徽章,3,37.18,111.54,支付宝,是,小程序
ORD0323,C0700,2025-12-23,盲盒,Labubu系列盲盒,5,96.84,484.2,支付宝,是,小程序
ORD0324,C0792,2025-11-22,配件,背包,2,249.33,498.66,银行卡,否,APP
ORD0324,C0792,2025-11-22,盲盒,Molly系列盲盒,1,80.31,80.31,银行卡,否,APP
ORD0324,C0792,2025-11-22,盲盒,海贼王盲盒,1,92.3,92.3,银行卡,否,APP
ORD0325,C0360,2024-08-12,盲盒,火影忍者盲盒,1,62.88,62.88,银行卡,是,小程序
ORD0325,C0360,2024-08-12,配件,台灯,5,132.56,662.8,银行卡,是,小程序
ORD0326,C0726,2024-05-02,盲盒,迪士尼盲盒,3,75.75,227.25,微信支付,是,线下
ORD0326,C0726,2024-05-02,盲盒,A仔盲盒,3,51.64,154.92,微信支付,是,线下
ORD0326,C0726,2024-05-02,周边,文件夹,2,36.97,73.94,微信支付,是,线下
ORD0327,C0284,2024-03-04,周边,文件夹,2,34.58,69.16,支付宝,否,小程序
ORD0327,C0284,2024-03-04,服饰,卫衣,5,194.73,973.65,支付宝,否,小程序
ORD0328,C0661,2025-05-18,手办,海贼王手办,1,280.37,280.37,微信支付,否,APP
ORD0328,C0661,2025-05-18,周边,帆布包,1,72.25,72.25,微信支付,否,APP
ORD0328,C0661,2025-05-18,配件,耳机壳,4,26.21,104.84,微信支付,否,APP
ORD0328,C0661,2025-05-18,服饰,睡衣,1,172.77,172.77,微信支付,否,APP
ORD0328,C0661,2025-05-18,服饰,牛仔裤,2,269.36,538.72,微信支付,否,APP
ORD0329,C0927,2025-02-04,服饰,运动鞋,4,426.46,1705.84,银行卡,否,APP
ORD0329,C0927,2025-02-04,盲盒,海贼王盲盒,2,80.16,160.32,银行卡,否,APP
ORD0329,C0927,2025-02-04,服饰,围巾,5,89.63,448.15,银行卡,否,APP
ORD0329,C0927,2025-02-04,周边,徽章,3,38.22,114.66,银行卡,否,APP
ORD0329,C0927,2025-02-04,盲盒,Yuki盲盒,5,63.17,315.85,银行卡,否,APP
ORD0330,C0349,2024-03-23,配件,雨伞,4,60.9,243.6,支付宝,否,小程序
ORD0330,C0349,2024-03-23,周边,胶带,1,28.73,28.73,支付宝,否,小程序
ORD0330,C0349,2024-03-23,周边,钥匙扣,1,31.23,31.23,支付宝,否,小程序
ORD0331,C0449,2024-07-13,服饰,运动鞋,1,422.36,422.36,微信支付,是,APP
ORD0331,C0449,2024-07-13,周边,钥匙扣,5,31.7,158.5,微信支付,是,APP
ORD0331,C0449,2024-07-13,服饰,拖鞋,1,66.78,66.78,微信支付,是,APP
ORD0332,C0346,2024-02-13,配件,蓝牙音箱,5,188.37,941.85,支付宝,是,APP
ORD0332,C0346,2024-02-13,盲盒,Molly系列盲盒,2,88.8,177.6,支付宝,是,APP
ORD0332,C0346,2024-02-13,盲盒,A仔盲盒,5,44.55,222.75,支付宝,是,APP
ORD0332,C0346,2024-02-13,手办,柯南手办,2,306.93,613.86,支付宝,是,APP
ORD0332,C0346,2024-02-13,周边,帆布包,4,80.76,323.04,支付宝,是,APP
ORD0333,C0856,2025-08-28,盲盒,Bunny盲盒,4,66.76,267.04,微信支付,是,APP
ORD0333,C0856,2025-08-28,服饰,连衣裙,1,327.46,327.46,微信支付,是,APP
ORD0333,C0856,2025-08-28,配件,鼠标垫,2,33.75,67.5,微信支付,是,APP
ORD0334,C0988,2024-08-06,盲盒,Labubu系列盲盒,2,104.1,208.2,微信支付,是,线下
ORD0334,C0988,2024-08-06,手办,蕾姆手办,5,372.27,1861.35,微信支付,是,线下
ORD0335,C0250,2025-08-18,手办,柯南手办,4,273.93,1095.72,微信支付,是,APP
ORD0335,C0250,2025-08-18,盲盒,迪士尼盲盒,1,82.27,82.27,微信支付,是,APP
ORD0335,C0250,2025-08-18,配件,耳机壳,4,30.12,120.48,微信支付,是,APP
ORD0335,C0250,2025-08-18,服饰,睡衣,2,147.65,295.3,微信支付,是,APP
ORD0335,C0250,2025-08-18,周边,海报,4,44.21,176.84,微信支付,是,APP
ORD0336,C0961,2024-06-27,服饰,袜子套装,1,50.25,50.25,银行卡,是,线下
ORD0336,C0961,2024-06-27,周边,徽章,4,35.14,140.56,银行卡,是,线下
ORD0336,C0961,2024-06-27,手办,悟空手办,1,393.94,393.94,银行卡,是,线下
ORD0337,C0098,2025-09-25,手办,绫波丽手办,1,308.85,308.85,支付宝,否,线下
ORD0337,C0098,2025-09-25,手办,明日香手办,4,326.41,1305.64,支付宝,否,线下
ORD0337,C0098,2025-09-25,盲盒,Molly系列盲盒,3,85.17,255.51,支付宝,否,线下
ORD0337,C0098,2025-09-25,服饰,牛仔裤,3,265.05,795.15,支付宝,否,线下
ORD0337,C0098,2025-09-25,服饰,拖鞋,1,72.32,72.32,支付宝,否,线下
ORD0338,C0948,2025-07-04,配件,水杯,1,48.56,48.56,微信支付,否,APP
ORD0338,C0948,2025-07-04,服饰,袜子套装,5,47.29,236.45,微信支付,否,APP
ORD0338,C0948,2025-07-04,手办,蕾姆手办,2,421.26,842.52,微信支付,否,APP
ORD0338,C0948,2025-07-04,周边,冰箱贴,1,18.0,18.0,微信支付,否,APP
ORD0338,C0948,2025-07-04,服饰,卫衣,4,214.58,858.32,微信支付,否,APP
ORD0339,C0076,2025-04-27,手办,悟空手办,5,355.77,1778.85,银行卡,是,小程序
ORD0339,C0076,2025-04-27,服饰,连衣裙,2,296.47,592.94,银行卡,是,小程序
ORD0339,C0076,2025-04-27,手办,蕾姆手办,3,375.24,1125.72,银行卡,是,小程序
ORD0339,C0076,2025-04-27,手办,柯南手办,5,272.67,1363.35,银行卡,是,小程序
ORD0339,C0076,2025-04-27,手办,皮卡丘手办,4,395.69,1582.76,银行卡,是,小程序
ORD0340,C0176,2024-12-17,配件,鼠标垫,2,32.11,64.22,微信支付,否,小程序
ORD0340,C0176,2024-12-17,配件,充电宝,2,100.81,201.62,微信支付,否,小程序
ORD0340,C0176,2024-12-17,服饰,牛仔裤,1,270.91,270.91,微信支付,否,小程序
ORD0341,C0754,2024-09-09,配件,蓝牙音箱,5,214.85,1074.25,微信支付,否,小程序
ORD0341,C0754,2024-09-09,服饰,拖鞋,1,75.78,75.78,微信支付,否,小程序
ORD0341,C0754,2024-09-09,配件,雨伞,4,59.37,237.48,微信支付,否,小程序
ORD0342,C0491,2025-12-14,配件,雨伞,4,64.31,257.24,微信支付,否,小程序
ORD0342,C0491,2025-12-14,手办,蕾姆手办,3,378.18,1134.54,微信支付,否,小程序
ORD0343,C0093,2024-01-17,配件,钥匙扣,1,42.72,42.72,支付宝,否,线下
ORD0343,C0093,2024-01-17,服饰,睡衣,4,148.98,595.92,支付宝,否,线下
ORD0343,C0093,2024-01-17,周边,钥匙扣,1,31.09,31.09,支付宝,否,线下
ORD0343,C0093,2024-01-17,盲盒,潘神盲盒,3,79.49,238.47,支付宝,否,线下
ORD0343,C0093,2024-01-17,周边,胶带,3,29.11,87.33,支付宝,否,线下
ORD0344,C0628,2025-07-09,配件,背包,1,259.76,259.76,银行卡,否,APP
ORD0344,C0628,2025-07-09,周边,书签,1,24.41,24.41,银行卡,否,APP
ORD0345,C0477,2025-09-25,配件,台灯,2,141.42,282.84,微信支付,否,小程序
ORD0345,C0477,2025-09-25,手办,喷火龙手办,1,287.32,287.32,微信支付,否,小程序
ORD0346,C0756,2025-08-17,周边,徽章,3,39.03,117.09,银行卡,否,APP
ORD0346,C0756,2025-08-17,服饰,牛仔裤,1,236.38,236.38,银行卡,否,APP
ORD0346,C0756,2025-08-17,周边,钥匙扣,4,29.01,116.04,银行卡,否,APP
ORD0347,C0850,2024-05-05,服饰,袜子套装,3,51.94,155.82,支付宝,否,线下
ORD0347,C0850,2024-05-05,盲盒,Bunny盲盒,4,63.3,253.2,支付宝,否,线下
ORD0347,C0850,2024-05-05,服饰,睡衣,3,173.57,520.71,支付宝,否,线下
ORD0347,C0850,2024-05-05,盲盒,哈利波特盲盒,2,123.22,246.44,支付宝,否,线下
ORD0348,C0714,2024-05-31,周边,胶带,5,30.42,152.1,支付宝,否,APP
ORD0348,C0714,2024-05-31,服饰,连衣裙,4,295.64,1182.56,支付宝,否,APP
ORD0349,C0661,2024-01-22,配件,背包,4,263.08,1052.32,支付宝,是,APP
ORD0349,C0661,2024-01-22,周边,钥匙扣,5,29.96,149.8,支付宝,是,APP
ORD0349,C0661,2024-01-22,配件,鼠标垫,4,34.71,138.84,支付宝,是,APP
ORD0350,C0581,2024-05-15,服饰,连衣裙,3,315.13,945.39,支付宝,否,APP
ORD0350,C0581,2024-05-15,盲盒,迪士尼盲盒,3,75.59,226.77,支付宝,否,APP
ORD0350,C0581,2024-05-15,手办,海贼王手办,2,269.97,539.94,支付宝,否,APP
ORD0351,C0293,2024-07-05,手办,悟空手办,1,326.05,326.05,微信支付,否,线下
ORD0351,C0293,2024-07-05,周边,T恤,2,97.83,195.66,微信支付,否,线下
ORD0351,C0293,2024-07-05,周边,明信片,2,15.19,30.38,微信支付,否,线下
ORD0352,C0036,2025-11-12,配件,蓝牙音箱,5,191.1,955.5,支付宝,是,小程序
ORD0352,C0036,2025-11-12,盲盒,潘神盲盒,4,83.24,332.96,支付宝,是,小程序
ORD0352,C0036,2025-11-12,服饰,连衣裙,2,269.36,538.72,支付宝,是,小程序
ORD0352,C0036,2025-11-12,配件,鼠标垫,3,36.03,108.09,支付宝,是,小程序
ORD0352,C0036,2025-11-12,周边,钥匙扣,3,31.72,95.16,支付宝,是,小程序
ORD0353,C0773,2025-08-10,周边,帆布包,4,85.32,341.28,银行卡,否,APP
ORD0353,C0773,2025-08-10,手办,喷火龙手办,1,268.29,268.29,银行卡,否,APP
ORD0353,C0773,2025-08-10,服饰,袜子套装,2,48.47,96.94,银行卡,否,APP
ORD0353,C0773,2025-08-10,盲盒,Yuki盲盒,1,60.28,60.28,银行卡,否,APP
ORD0353,C0773,2025-08-10,手办,海贼王手办,5,244.61,1223.05,银行卡,否,APP
ORD0354,C0959,2024-10-11,盲盒,海贼王盲盒,4,83.56,334.24,微信支付,是,APP
ORD0354,C0959,2024-10-11,周边,T恤,5,99.23,496.15,微信支付,是,APP
ORD0354,C0959,2024-10-11,盲盒,Yuki盲盒,4,54.85,219.4,微信支付,是,APP
ORD0354,C0959,2024-10-11,服饰,连衣裙,4,291.4,1165.6,微信支付,是,APP
ORD0354,C0959,2024-10-11,周边,徽章,3,37.5,112.5,微信支付,是,APP
ORD0355,C0457,2025-07-28,服饰,斜挎包,3,120.33,360.99,微信支付,否,APP
ORD0355,C0457,2025-07-28,服饰,运动鞋,2,425.77,851.54,微信支付,否,APP
ORD0355,C0457,2025-07-28,配件,水杯,2,42.37,84.74,微信支付,否,APP
ORD0355,C0457,2025-07-28,服饰,帽子,3,72.14,216.42,微信支付,否,APP
ORD0355,C0457,2025-07-28,配件,手机壳,1,44.16,44.16,微信支付,否,APP
ORD0356,C0655,2024-10-06,手办,佐助手办,4,248.09,992.36,支付宝,否,APP
ORD0356,C0655,2024-10-06,服饰,拖鞋,3,73.62,220.86,支付宝,否,APP
ORD0356,C0655,2024-10-06,周边,钥匙扣,5,30.39,151.95,支付宝,否,APP
ORD0357,C0230,2024-01-28,盲盒,Labubu系列盲盒,4,92.65,370.6,微信支付,是,APP
ORD0357,C0230,2024-01-28,手办,柯南手办,1,314.83,314.83,微信支付,是,APP
ORD0357,C0230,2024-01-28,服饰,围巾,5,93.37,466.85,微信支付,是,APP
ORD0357,C0230,2024-01-28,配件,充电宝,5,97.73,488.65,微信支付,是,APP
ORD0357,C0230,2024-01-28,周边,钥匙扣,1,28.26,28.26,微信支付,是,APP
ORD0358,C0751,2025-08-12,手办,蕾姆手办,4,429.19,1716.76,微信支付,是,小程序
ORD0358,C0751,2025-08-12,手办,蕾姆手办,2,363.32,726.64,微信支付,是,小程序
ORD0359,C0370,2025-03-05,配件,水杯,5,42.24,211.2,银行卡,是,小程序
ORD0359,C0370,2025-03-05,手办,皮卡丘手办,5,419.16,2095.8,银行卡,是,小程序
ORD0359,C0370,2025-03-05,配件,背包,3,275.93,827.79,银行卡,是,小程序
ORD0359,C0370,2025-03-05,周边,文件夹,3,32.17,96.51,银行卡,是,小程序
ORD0360,C0594,2024-12-26,周边,钥匙扣,4,28.07,112.28,微信支付,是,APP
ORD0360,C0594,2024-12-26,手办,皮卡丘手办,2,371.43,742.86,微信支付,是,APP
ORD0360,C0594,2024-12-26,手办,悟空手办,5,367.14,1835.7,微信支付,是,APP
ORD0360,C0594,2024-12-26,配件,鼠标垫,5,36.42,182.1,微信支付,是,APP
ORD0361,C0822,2024-04-26,手办,柯南手办,4,289.92,1159.68,支付宝,否,小程序
ORD0361,C0822,2024-04-26,周边,明信片,4,16.17,64.68,支付宝,否,小程序
ORD0362,C0612,2025-06-19,盲盒,Bunny盲盒,2,73.92,147.84,支付宝,否,APP
ORD0362,C0612,2025-06-19,手办,悟空手办,3,332.1,996.3,支付宝,否,APP
ORD0363,C0134,2024-03-21,盲盒,Molly系列盲盒,4,93.58,374.32,支付宝,否,线下
ORD0363,C0134,2024-03-21,盲盒,Bunny盲盒,1,62.55,62.55,支付宝,否,线下
ORD0364,C0676,2025-06-09,盲盒,哈利波特盲盒,3,133.32,399.96,银行卡,否,APP
ORD0364,C0676,2025-06-09,盲盒,哈利波特盲盒,5,121.4,607.0,银行卡,否,APP
ORD0364,C0676,2025-06-09,手办,佐助手办,3,234.62,703.86,银行卡,否,APP
ORD0364,C0676,2025-06-09,手办,绫波丽手办,5,318.99,1594.95,银行卡,否,APP
ORD0365,C0165,2025-05-27,盲盒,火影忍者盲盒,1,69.4,69.4,银行卡,是,线下
ORD0365,C0165,2025-05-27,手办,绫波丽手办,2,355.43,710.86,银行卡,是,线下
ORD0366,C0551,2024-01-05,周边,T恤,2,97.81,195.62,银行卡,否,APP
ORD0366,C0551,2024-01-05,盲盒,迪士尼盲盒,3,86.6,259.8,银行卡,否,APP
ORD0366,C0551,2024-01-05,服饰,卫衣,5,188.16,940.8,银行卡,否,APP
ORD0366,C0551,2024-01-05,盲盒,Yuki盲盒,1,58.6,58.6,银行卡,否,APP
ORD0366,C0551,2024-01-05,配件,蓝牙音箱,4,209.44,837.76,银行卡,否,APP
ORD0367,C0722,2024-10-22,服饰,围巾,4,85.15,340.6,银行卡,是,线下
ORD0367,C0722,2024-10-22,配件,耳机壳,4,27.41,109.64,银行卡,是,线下
ORD0367,C0722,2024-10-22,服饰,牛仔裤,4,242.88,971.52,银行卡,是,线下
ORD0367,C0722,2024-10-22,盲盒,A仔盲盒,3,45.86,137.58,银行卡,是,线下
ORD0368,C0691,2025-05-18,盲盒,迪士尼盲盒,4,77.43,309.72,银行卡,否,APP
ORD0368,C0691,2025-05-18,配件,水杯,2,41.08,82.16,银行卡,否,APP
ORD0369,C0999,2024-07-22,盲盒,Bunny盲盒,4,72.11,288.44,支付宝,否,APP
ORD0369,C0999,2024-07-22,周边,T恤,5,94.5,472.5,支付宝,否,APP
ORD0369,C0999,2024-07-22,服饰,连衣裙,4,308.97,1235.88,支付宝,否,APP
ORD0369,C0999,2024-07-22,服饰,斜挎包,5,123.3,616.5,支付宝,否,APP
ORD0369,C0999,2024-07-22,服饰,围巾,1,84.56,84.56,支付宝,否,APP
ORD0370,C0510,2024-08-24,盲盒,A仔盲盒,1,53.63,53.63,银行卡,是,APP
ORD0370,C0510,2024-08-24,服饰,袜子套装,3,45.6,136.8,银行卡,是,APP
ORD0371,C0637,2025-09-30,服饰,卫衣,3,205.45,616.35,微信支付,否,APP
ORD0371,C0637,2025-09-30,服饰,帽子,3,79.67,239.01,微信支付,否,APP
ORD0371,C0637,2025-09-30,配件,鼠标垫,1,38.17,38.17,微信支付,否,APP
ORD0371,C0637,2025-09-30,盲盒,潘神盲盒,1,77.16,77.16,微信支付,否,APP
ORD0371,C0637,2025-09-30,周边,胶带,4,27.77,111.08,微信支付,否,APP
ORD0372,C0034,2024-06-30,手办,明日香手办,4,323.49,1293.96,银行卡,否,线下
ORD0372,C0034,2024-06-30,服饰,斜挎包,1,130.78,130.78,银行卡,否,线下
ORD0372,C0034,2024-06-30,服饰,帽子,5,80.14,400.7,银行卡,否,线下
ORD0372,C0034,2024-06-30,服饰,帽子,2,79.11,158.22,银行卡,否,线下
ORD0373,C0401,2024-09-26,周边,徽章,1,35.32,35.32,支付宝,否,线下
ORD0373,C0401,2024-09-26,盲盒,迪士尼盲盒,3,76.61,229.83,支付宝,否,线下
ORD0373,C0401,2024-09-26,配件,雨伞,3,57.59,172.77,支付宝,否,线下
ORD0373,C0401,2024-09-26,服饰,连衣裙,3,293.73,881.19,支付宝,否,线下
ORD0374,C0058,2025-11-08,配件,水杯,1,48.32,48.32,微信支付,是,APP
ORD0374,C0058,2025-11-08,盲盒,Yuki盲盒,2,53.33,106.66,微信支付,是,APP
ORD0374,C0058,2025-11-08,周边,书签,4,25.79,103.16,微信支付,是,APP
ORD0374,C0058,2025-11-08,服饰,袜子套装,5,52.93,264.65,微信支付,是,APP
ORD0375,C0274,2024-01-21,服饰,袜子套装,4,47.26,189.04,银行卡,否,小程序
ORD0375,C0274,2024-01-21,盲盒,A仔盲盒,1,50.87,50.87,银行卡,否,小程序
ORD0375,C0274,2024-01-21,手办,蕾姆手办,4,399.22,1596.88,银行卡,否,小程序
ORD0375,C0274,2024-01-21,周边,明信片,5,14.4,72.0,银行卡,否,小程序
ORD0376,C0993,2025-03-22,配件,台灯,3,122.94,368.82,微信支付,否,小程序
ORD0376,C0993,2025-03-22,周边,T恤,4,105.03,420.12,微信支付,否,小程序
ORD0377,C0640,2024-04-04,周边,帆布包,5,83.76,418.8,银行卡,是,线下
ORD0377,C0640,2024-04-04,服饰,运动鞋,2,386.82,773.64,银行卡,是,线下
ORD0377,C0640,2024-04-04,盲盒,Labubu系列盲盒,5,105.02,525.1,银行卡,是,线下
ORD0377,C0640,2024-04-04,服饰,帽子,3,74.26,222.78,银行卡,是,线下
ORD0378,C0412,2024-09-14,盲盒,海贼王盲盒,2,90.37,180.74,银行卡,否,线下
ORD0378,C0412,2024-09-14,手办,明日香手办,3,379.51,1138.53,银行卡,否,线下
ORD0378,C0412,2024-09-14,配件,钥匙扣,4,42.39,169.56,银行卡,否,线下
ORD0379,C0745,2025-10-03,手办,悟空手办,2,376.69,753.38,微信支付,是,线下
ORD0379,C0745,2025-10-03,周边,胶带,4,26.98,107.92,微信支付,是,线下
ORD0379,C0745,2025-10-03,盲盒,Bunny盲盒,4,65.78,263.12,微信支付,是,线下
ORD0379,C0745,2025-10-03,周边,明信片,3,15.56,46.68,微信支付,是,线下
ORD0379,C0745,2025-10-03,手办,高达模型,2,275.89,551.78,微信支付,是,线下
ORD0380,C0197,2024-01-29,服饰,拖鞋,2,64.3,128.6,微信支付,否,小程序
ORD0380,C0197,2024-01-29,手办,柯南手办,3,316.32,948.96,微信支付,否,小程序
ORD0380,C0197,2024-01-29,周边,海报,2,46.3,92.6,微信支付,否,小程序
ORD0380,C0197,2024-01-29,盲盒,A仔盲盒,1,44.64,44.64,微信支付,否,小程序
ORD0380,C0197,2024-01-29,盲盒,Yuki盲盒,5,56.62,283.1,微信支付,否,小程序
ORD0381,C0066,2025-02-20,服饰,睡衣,2,146.66,293.32,支付宝,否,线下
ORD0381,C0066,2025-02-20,配件,水杯,5,46.48,232.4,支付宝,否,线下
ORD0382,C0595,2025-06-21,配件,水杯,3,43.46,130.38,支付宝,否,小程序
ORD0382,C0595,2025-06-21,配件,手机壳,2,53.27,106.54,支付宝,否,小程序
ORD0382,C0595,2025-06-21,手办,佐助手办,1,242.17,242.17,支付宝,否,小程序
ORD0383,C0994,2024-10-08,服饰,帽子,3,82.15,246.45,支付宝,是,小程序
ORD0383,C0994,2024-10-08,盲盒,Yuki盲盒,5,58.1,290.5,支付宝,是,小程序
ORD0384,C0700,2024-09-09,周边,书签,5,22.67,113.35,支付宝,否,APP
ORD0384,C0700,2024-09-09,盲盒,Bunny盲盒,3,69.73,209.19,支付宝,否,APP
ORD0384,C0700,2024-09-09,周边,徽章,1,39.27,39.27,支付宝,否,APP
ORD0384,C0700,2024-09-09,手办,明日香手办,4,314.65,1258.6,支付宝,否,APP
ORD0385,C0984,2025-02-06,周边,冰箱贴,2,20.58,41.16,支付宝,是,小程序
ORD0385,C0984,2025-02-06,周边,胶带,1,26.73,26.73,支付宝,是,小程序
ORD0385,C0984,2025-02-06,盲盒,A仔盲盒,4,51.32,205.28,支付宝,是,小程序
ORD0386,C0949,2024-12-06,手办,绫波丽手办,5,300.47,1502.35,银行卡,否,小程序
ORD0386,C0949,2024-12-06,服饰,袜子套装,5,51.33,256.65,银行卡,否,小程序
ORD0387,C0465,2025-12-12,服饰,睡衣,1,155.84,155.84,微信支付,否,APP
ORD0387,C0465,2025-12-12,周边,徽章,5,35.74,178.7,微信支付,否,APP
ORD0387,C0465,2025-12-12,手办,悟空手办,5,374.33,1871.65,微信支付,否,APP
ORD0388,C0787,2025-10-26,服饰,斜挎包,2,122.83,245.66,微信支付,否,线下
ORD0388,C0787,2025-10-26,配件,背包,3,243.39,730.17,微信支付,否,线下
ORD0388,C0787,2025-10-26,服饰,连衣裙,2,292.63,585.26,微信支付,否,线下
ORD0388,C0787,2025-10-26,服饰,袜子套装,2,44.3,88.6,微信支付,否,线下
ORD0389,C0024,2025-07-25,服饰,卫衣,3,207.01,621.03,银行卡,否,线下
ORD0389,C0024,2025-07-25,手办,柯南手办,4,306.06,1224.24,银行卡,否,线下
ORD0390,C0615,2024-09-23,配件,水杯,1,46.97,46.97,微信支付,否,APP
ORD0390,C0615,2024-09-23,服饰,斜挎包,4,119.16,476.64,微信支付,否,APP
ORD0390,C0615,2024-09-23,手办,悟空手办,3,343.78,1031.34,微信支付,否,APP
ORD0391,C0507,2025-01-26,周边,冰箱贴,4,17.79,71.16,微信支付,否,小程序
ORD0391,C0507,2025-01-26,手办,柯南手办,3,327.47,982.41,微信支付,否,小程序
ORD0391,C0507,2025-01-26,手办,海贼王手办,4,280.1,1120.4,微信支付,否,小程序
ORD0392,C0379,2025-08-19,服饰,睡衣,3,174.09,522.27,银行卡,否,线下
ORD0392,C0379,2025-08-19,服饰,卫衣,4,207.3,829.2,银行卡,否,线下
ORD0393,C0754,2025-09-03,盲盒,Yuki盲盒,2,58.66,117.32,支付宝,是,APP
ORD0393,C0754,2025-09-03,周边,T恤,5,103.15,515.75,支付宝,是,APP
ORD0394,C0830,2024-02-16,周边,胶带,3,25.94,77.82,微信支付,否,小程序
ORD0394,C0830,2024-02-16,配件,雨伞,5,55.22,276.1,微信支付,否,小程序
ORD0394,C0830,2024-02-16,手办,喷火龙手办,4,303.01,1212.04,微信支付,否,小程序
ORD0394,C0830,2024-02-16,服饰,睡衣,1,153.19,153.19,微信支付,否,小程序
ORD0394,C0830,2024-02-16,配件,手机壳,2,46.65,93.3,微信支付,否,小程序
ORD0395,C0321,2024-02-15,周边,胶带,3,30.26,90.78,微信支付,否,小程序
ORD0395,C0321,2024-02-15,周边,T恤,3,99.34,298.02,微信支付,否,小程序
ORD0395,C0321,2024-02-15,服饰,睡衣,3,166.53,499.59,微信支付,否,小程序
ORD0395,C0321,2024-02-15,服饰,睡衣,5,170.23,851.15,微信支付,否,小程序
ORD0396,C0674,2025-10-13,手办,佐助手办,1,257.46,257.46,支付宝,是,APP
ORD0396,C0674,2025-10-13,手办,明日香手办,4,322.2,1288.8,支付宝,是,APP
ORD0397,C0917,2025-05-21,服饰,斜挎包,1,137.92,137.92,微信支付,否,小程序
ORD0397,C0917,2025-05-21,手办,皮卡丘手办,3,366.57,1099.71,微信支付,否,小程序
ORD0397,C0917,2025-05-21,周边,明信片,2,15.75,31.5,微信支付,否,小程序
ORD0397,C0917,2025-05-21,周边,T恤,5,93.31,466.55,微信支付,否,小程序
ORD0397,C0917,2025-05-21,盲盒,海贼王盲盒,5,83.31,416.55,微信支付,否,小程序
ORD0398,C0943,2024-03-19,盲盒,Labubu系列盲盒,1,96.9,96.9,微信支付,否,小程序
ORD0398,C0943,2024-03-19,配件,水杯,3,41.88,125.64,微信支付,否,小程序
ORD0398,C0943,2024-03-19,盲盒,A仔盲盒,4,48.55,194.2,微信支付,否,小程序
ORD0398,C0943,2024-03-19,周边,T恤,1,95.62,95.62,微信支付,否,小程序
ORD0399,C0045,2025-11-02,手办,柯南手办,3,288.43,865.29,银行卡,否,小程序
ORD0399,C0045,2025-11-02,盲盒,哈利波特盲盒,5,140.66,703.3,银行卡,否,小程序
ORD0399,C0045,2025-11-02,服饰,围巾,4,84.64,338.56,银行卡,否,小程序
ORD0400,C0246,2025-02-12,服饰,运动鞋,3,410.74,1232.22,微信支付,否,APP
ORD0400,C0246,2025-02-12,手办,皮卡丘手办,3,398.27,1194.81,微信支付,否,APP
ORD0400,C0246,2025-02-12,服饰,牛仔裤,5,239.9,1199.5,微信支付,否,APP
ORD0401,C0682,2024-04-08,服饰,斜挎包,3,130.63,391.89,支付宝,是,线下
ORD0401,C0682,2024-04-08,服饰,围巾,4,94.54,378.16,支付宝,是,线下
ORD0401,C0682,2024-04-08,配件,蓝牙音箱,4,204.2,816.8,支付宝,是,线下
ORD0401,C0682,2024-04-08,盲盒,Molly系列盲盒,5,86.18,430.9,支付宝,是,线下
ORD0401,C0682,2024-04-08,服饰,卫衣,2,216.14,432.28,支付宝,是,线下
ORD0402,C0540,2025-10-06,服饰,围巾,4,85.45,341.8,银行卡,是,线下
ORD0402,C0540,2025-10-06,手办,绫波丽手办,2,330.52,661.04,银行卡,是,线下
ORD0402,C0540,2025-10-06,周边,T恤,1,100.01,100.01,银行卡,是,线下
ORD0402,C0540,2025-10-06,盲盒,海贼王盲盒,1,89.19,89.19,银行卡,是,线下
ORD0402,C0540,2025-10-06,服饰,围巾,4,91.86,367.44,银行卡,是,线下
ORD0403,C0583,2024-09-16,盲盒,A仔盲盒,2,51.8,103.6,支付宝,否,小程序
ORD0403,C0583,2024-09-16,服饰,拖鞋,1,67.84,67.84,支付宝,否,小程序
ORD0404,C0722,2024-10-31,配件,耳机壳,3,31.71,95.13,支付宝,否,线下
ORD0404,C0722,2024-10-31,手办,悟空手办,2,328.72,657.44,支付宝,否,线下
ORD0404,C0722,2024-10-31,配件,耳机壳,1,28.62,28.62,支付宝,否,线下
ORD0404,C0722,2024-10-31,盲盒,Molly系列盲盒,4,82.18,328.72,支付宝,否,线下
ORD0404,C0722,2024-10-31,手办,明日香手办,4,362.39,1449.56,支付宝,否,线下
ORD0405,C0890,2025-11-04,配件,钥匙扣,3,40.49,121.47,银行卡,否,线下
ORD0405,C0890,2025-11-04,服饰,牛仔裤,1,239.58,239.58,银行卡,否,线下
ORD0405,C0890,2025-11-04,盲盒,Bunny盲盒,1,73.36,73.36,银行卡,否,线下
ORD0405,C0890,2025-11-04,手办,柯南手办,2,297.87,595.74,银行卡,否,线下
ORD0406,C0149,2025-10-27,盲盒,Labubu系列盲盒,4,92.03,368.12,微信支付,否,小程序
ORD0406,C0149,2025-10-27,服饰,拖鞋,1,64.39,64.39,微信支付,否,小程序
ORD0406,C0149,2025-10-27,手办,明日香手办,4,347.01,1388.04,微信支付,否,小程序
ORD0407,C0881,2025-04-05,盲盒,Yuki盲盒,1,54.31,54.31,银行卡,是,APP
ORD0407,C0881,2025-04-05,服饰,运动鞋,4,417.92,1671.68,银行卡,是,APP
ORD0407,C0881,2025-04-05,配件,鼠标垫,3,31.76,95.28,银行卡,是,APP
ORD0407,C0881,2025-04-05,服饰,斜挎包,5,131.35,656.75,银行卡,是,APP
ORD0407,C0881,2025-04-05,配件,充电宝,2,103.24,206.48,银行卡,是,APP
ORD0408,C0541,2024-01-20,周边,胶带,4,25.85,103.4,支付宝,否,线下
ORD0408,C0541,2024-01-20,配件,背包,4,269.23,1076.92,支付宝,否,线下
ORD0409,C0022,2024-06-14,服饰,卫衣,5,187.84,939.2,支付宝,是,线下
ORD0409,C0022,2024-06-14,周边,T恤,4,91.7,366.8,支付宝,是,线下
ORD0409,C0022,2024-06-14,周边,胶带,4,29.87,119.48,支付宝,是,线下
ORD0409,C0022,2024-06-14,周边,钥匙扣,2,29.71,59.42,支付宝,是,线下
ORD0410,C0290,2025-12-08,手办,悟空手办,2,366.59,733.18,银行卡,否,APP
ORD0410,C0290,2025-12-08,盲盒,潘神盲盒,4,75.9,303.6,银行卡,否,APP
ORD0410,C0290,2025-12-08,手办,喷火龙手办,1,306.86,306.86,银行卡,否,APP
ORD0411,C0368,2024-09-24,盲盒,Yuki盲盒,4,54.44,217.76,支付宝,是,线下
ORD0411,C0368,2024-09-24,手办,皮卡丘手办,5,376.98,1884.9,支付宝,是,线下
ORD0412,C0265,2024-12-14,手办,喷火龙手办,5,288.46,1442.3,支付宝,否,APP
ORD0412,C0265,2024-12-14,盲盒,A仔盲盒,4,53.53,214.12,支付宝,否,APP
ORD0412,C0265,2024-12-14,盲盒,哈利波特盲盒,5,131.83,659.15,支付宝,否,APP
ORD0412,C0265,2024-12-14,盲盒,海贼王盲盒,1,89.13,89.13,支付宝,否,APP
ORD0413,C0172,2025-10-07,周边,钥匙扣,5,28.99,144.95,微信支付,否,APP
ORD0413,C0172,2025-10-07,盲盒,迪士尼盲盒,3,76.39,229.17,微信支付,否,APP
ORD0413,C0172,2025-10-07,手办,皮卡丘手办,2,394.14,788.28,微信支付,否,APP
ORD0414,C0426,2024-01-07,盲盒,Labubu系列盲盒,3,103.26,309.78,微信支付,否,小程序
ORD0414,C0426,2024-01-07,服饰,连衣裙,2,278.17,556.34,微信支付,否,小程序
ORD0414,C0426,2024-01-07,配件,手机壳,2,45.45,90.9,微信支付,否,小程序
ORD0415,C0440,2025-02-27,盲盒,A仔盲盒,2,51.65,103.3,支付宝,否,小程序
ORD0415,C0440,2025-02-27,配件,水杯,1,43.54,43.54,支付宝,否,小程序
ORD0415,C0440,2025-02-27,服饰,睡衣,4,145.05,580.2,支付宝,否,小程序
ORD0415,C0440,2025-02-27,盲盒,迪士尼盲盒,5,72.01,360.05,支付宝,否,小程序
ORD0416,C0647,2025-12-31,服饰,帽子,3,82.5,247.5,银行卡,否,线下
ORD0416,C0647,2025-12-31,周边,徽章,1,41.55,41.55,银行卡,否,线下
ORD0416,C0647,2025-12-31,配件,钥匙扣,2,40.56,81.12,银行卡,否,线下
ORD0416,C0647,2025-12-31,服饰,卫衣,5,203.95,1019.75,银行卡,否,线下
ORD0416,C0647,2025-12-31,配件,充电宝,3,106.68,320.04,银行卡,否,线下
ORD0417,C0801,2025-10-26,盲盒,海贼王盲盒,3,87.04,261.12,支付宝,否,APP
ORD0417,C0801,2025-10-26,手办,喷火龙手办,5,266.94,1334.7,支付宝,否,APP
ORD0418,C0096,2025-06-07,盲盒,Molly系列盲盒,5,90.65,453.25,银行卡,否,小程序
ORD0418,C0096,2025-06-07,手办,绫波丽手办,4,361.04,1444.16,银行卡,否,小程序
ORD0418,C0096,2025-06-07,盲盒,Molly系列盲盒,3,84.72,254.16,银行卡,否,小程序
ORD0419,C0520,2024-12-28,服饰,牛仔裤,5,271.27,1356.35,微信支付,否,APP
ORD0419,C0520,2024-12-28,服饰,连衣裙,2,317.26,634.52,微信支付,否,APP
ORD0420,C0596,2025-08-02,周边,文件夹,3,36.17,108.51,银行卡,否,线下
ORD0420,C0596,2025-08-02,配件,蓝牙音箱,4,199.78,799.12,银行卡,否,线下
ORD0420,C0596,2025-08-02,手办,皮卡丘手办,3,400.31,1200.93,银行卡,否,线下
ORD0421,C0198,2025-01-04,服饰,围巾,1,81.21,81.21,支付宝,是,APP
ORD0421,C0198,2025-01-04,手办,明日香手办,2,345.24,690.48,支付宝,是,APP
ORD0421,C0198,2025-01-04,周边,海报,4,45.79,183.16,支付宝,是,APP
ORD0421,C0198,2025-01-04,配件,手机壳,3,49.83,149.49,支付宝,是,APP
ORD0421,C0198,2025-01-04,服饰,斜挎包,4,134.98,539.92,支付宝,是,APP
ORD0422,C0427,2024-06-15,手办,喷火龙手办,5,257.69,1288.45,微信支付,是,线下
ORD0422,C0427,2024-06-15,手办,明日香手办,4,316.38,1265.52,微信支付,是,线下
ORD0422,C0427,2024-06-15,手办,喷火龙手办,3,302.53,907.59,微信支付,是,线下
ORD0422,C0427,2024-06-15,盲盒,火影忍者盲盒,4,63.62,254.48,微信支付,是,线下
ORD0422,C0427,2024-06-15,周边,T恤,3,89.9,269.7,微信支付,是,线下
ORD0423,C0157,2024-04-30,周边,钥匙扣,1,30.69,30.69,支付宝,否,小程序
ORD0423,C0157,2024-04-30,手办,海贼王手办,4,235.62,942.48,支付宝,否,小程序
ORD0423,C0157,2024-04-30,周边,文件夹,2,32.78,65.56,支付宝,否,小程序
ORD0423,C0157,2024-04-30,服饰,拖鞋,1,69.66,69.66,支付宝,否,小程序
ORD0424,C0070,2024-02-15,周边,胶带,4,29.87,119.48,支付宝,否,小程序
ORD0424,C0070,2024-02-15,配件,蓝牙音箱,2,199.19,398.38,支付宝,否,小程序
ORD0424,C0070,2024-02-15,服饰,斜挎包,4,119.94,479.76,支付宝,否,小程序
ORD0424,C0070,2024-02-15,周边,帆布包,5,81.6,408.0,支付宝,否,小程序
ORD0424,C0070,2024-02-15,服饰,运动鞋,2,430.94,861.88,支付宝,否,小程序
ORD0425,C0348,2025-07-07,盲盒,迪士尼盲盒,1,80.14,80.14,微信支付,否,线下
ORD0425,C0348,2025-07-07,周边,海报,1,46.3,46.3,微信支付,否,线下
ORD0425,C0348,2025-07-07,盲盒,Bunny盲盒,5,69.58,347.9,微信支付,否,线下
ORD0425,C0348,2025-07-07,盲盒,火影忍者盲盒,5,64.71,323.55,微信支付,否,线下
ORD0426,C0488,2025-05-29,盲盒,Labubu系列盲盒,2,93.96,187.92,微信支付,否,APP
ORD0426,C0488,2025-05-29,配件,充电宝,1,105.08,105.08,微信支付,否,APP
ORD0426,C0488,2025-05-29,配件,背包,4,263.6,1054.4,微信支付,否,APP
ORD0427,C0504,2024-01-24,配件,背包,4,246.42,985.68,支付宝,是,小程序
ORD0427,C0504,2024-01-24,盲盒,哈利波特盲盒,5,120.44,602.2,支付宝,是,小程序
ORD0428,C0148,2024-07-06,手办,柯南手办,5,326.58,1632.9,支付宝,是,APP
ORD0428,C0148,2024-07-06,手办,柯南手办,1,286.92,286.92,支付宝,是,APP
ORD0428,C0148,2024-07-06,盲盒,Yuki盲盒,2,57.97,115.94,支付宝,是,APP
ORD0428,C0148,2024-07-06,周边,文件夹,4,38.09,152.36,支付宝,是,APP
ORD0428,C0148,2024-07-06,盲盒,Molly系列盲盒,2,84.37,168.74,支付宝,是,APP
ORD0429,C0612,2025-08-23,盲盒,Labubu系列盲盒,1,95.4,95.4,微信支付,否,小程序
ORD0429,C0612,2025-08-23,配件,手机壳,1,48.84,48.84,微信支付,否,小程序
ORD0429,C0612,2025-08-23,服饰,卫衣,1,189.81,189.81,微信支付,否,小程序
ORD0429,C0612,2025-08-23,配件,水杯,2,47.37,94.74,微信支付,否,小程序
ORD0429,C0612,2025-08-23,手办,绫波丽手办,5,322.86,1614.3,微信支付,否,小程序
ORD0430,C0086,2025-10-13,周边,海报,2,47.54,95.08,银行卡,否,APP
ORD0430,C0086,2025-10-13,配件,手机壳,5,48.53,242.65,银行卡,否,APP
ORD0430,C0086,2025-10-13,盲盒,A仔盲盒,5,46.93,234.65,银行卡,否,APP
ORD0431,C0996,2024-06-20,周边,T恤,3,105.72,317.16,微信支付,否,APP
ORD0431,C0996,2024-06-20,服饰,连衣裙,2,304.09,608.18,微信支付,否,APP
ORD0431,C0996,2024-06-20,配件,耳机壳,1,27.04,27.04,微信支付,否,APP
ORD0431,C0996,2024-06-20,配件,钥匙扣,1,37.44,37.44,微信支付,否,APP
ORD0431,C0996,2024-06-20,服饰,围巾,2,93.01,186.02,微信支付,否,APP
ORD0432,C0287,2025-03-18,周边,文件夹,4,33.41,133.64,微信支付,否,线下
ORD0432,C0287,2025-03-18,周边,徽章,2,38.69,77.38,微信支付,否,线下
ORD0432,C0287,2025-03-18,配件,背包,1,280.45,280.45,微信支付,否,线下
ORD0432,C0287,2025-03-18,手办,柯南手办,5,297.6,1488.0,微信支付,否,线下
ORD0433,C0924,2024-01-10,服饰,帽子,1,83.54,83.54,银行卡,否,APP
ORD0433,C0924,2024-01-10,盲盒,海贼王盲盒,1,95.99,95.99,银行卡,否,APP
ORD0433,C0924,2024-01-10,服饰,围巾,3,97.4,292.2,银行卡,否,APP
ORD0433,C0924,2024-01-10,服饰,袜子套装,3,47.89,143.67,银行卡,否,APP
ORD0433,C0924,2024-01-10,盲盒,哈利波特盲盒,4,125.66,502.64,银行卡,否,APP
ORD0434,C0198,2025-03-31,周边,冰箱贴,1,20.2,20.2,微信支付,否,APP
ORD0434,C0198,2025-03-31,周边,冰箱贴,2,20.82,41.64,微信支付,否,APP
ORD0434,C0198,2025-03-31,周边,书签,3,24.96,74.88,微信支付,否,APP
ORD0434,C0198,2025-03-31,配件,台灯,1,121.16,121.16,微信支付,否,APP
ORD0435,C0841,2025-10-15,手办,喷火龙手办,2,287.92,575.84,支付宝,否,APP
ORD0435,C0841,2025-10-15,配件,钥匙扣,5,36.47,182.35,支付宝,否,APP
ORD0435,C0841,2025-10-15,配件,蓝牙音箱,1,184.17,184.17,支付宝,否,APP
ORD0435,C0841,2025-10-15,配件,台灯,5,134.91,674.55,支付宝,否,APP
ORD0435,C0841,2025-10-15,周边,冰箱贴,1,20.87,20.87,支付宝,否,APP
ORD0436,C0710,2025-11-25,盲盒,潘神盲盒,1,84.59,84.59,银行卡,是,线下
ORD0436,C0710,2025-11-25,周边,胶带,4,26.73,106.92,银行卡,是,线下
ORD0436,C0710,2025-11-25,配件,充电宝,4,96.26,385.04,银行卡,是,线下
ORD0436,C0710,2025-11-25,盲盒,Bunny盲盒,1,65.94,65.94,银行卡,是,线下
ORD0436,C0710,2025-11-25,服饰,帽子,4,76.1,304.4,银行卡,是,线下
ORD0437,C0402,2024-07-18,手办,高达模型,1,323.94,323.94,支付宝,否,APP
ORD0437,C0402,2024-07-18,手办,佐助手办,3,249.2,747.6,支付宝,否,APP
ORD0438,C0642,2025-10-02,配件,背包,3,245.9,737.7,微信支付,否,APP
ORD0438,C0642,2025-10-02,服饰,卫衣,3,212.23,636.69,微信支付,否,APP
ORD0439,C0842,2024-12-07,盲盒,A仔盲盒,5,45.32,226.6,银行卡,否,APP
ORD0439,C0842,2024-12-07,盲盒,Molly系列盲盒,4,85.68,342.72,银行卡,否,APP
ORD0439,C0842,2024-12-07,盲盒,迪士尼盲盒,1,85.62,85.62,银行卡,否,APP
ORD0439,C0842,2024-12-07,服饰,拖鞋,3,70.53,211.59,银行卡,否,APP
ORD0439,C0842,2024-12-07,服饰,围巾,1,92.16,92.16,银行卡,否,APP
ORD0440,C0573,2024-02-23,手办,海贼王手办,5,233.65,1168.25,支付宝,否,小程序
ORD0440,C0573,2024-02-23,服饰,斜挎包,4,138.8,555.2,支付宝,否,小程序
ORD0440,C0573,2024-02-23,配件,水杯,3,46.36,139.08,支付宝,否,小程序
ORD0440,C0573,2024-02-23,盲盒,A仔盲盒,5,47.32,236.6,支付宝,否,小程序
ORD0440,C0573,2024-02-23,手办,皮卡丘手办,1,360.08,360.08,支付宝,否,小程序
ORD0441,C0731,2024-03-10,配件,耳机壳,3,28.54,85.62,银行卡,否,APP
ORD0441,C0731,2024-03-10,配件,充电宝,2,93.91,187.82,银行卡,否,APP
ORD0441,C0731,2024-03-10,盲盒,Molly系列盲盒,2,85.65,171.3,银行卡,否,APP
ORD0442,C0447,2025-06-09,手办,明日香手办,3,356.21,1068.63,银行卡,否,小程序
ORD0442,C0447,2025-06-09,周边,徽章,1,39.14,39.14,银行卡,否,小程序
ORD0442,C0447,2025-06-09,手办,柯南手办,2,299.43,598.86,银行卡,否,小程序
ORD0443,C0856,2025-07-26,手办,皮卡丘手办,3,374.21,1122.63,微信支付,否,小程序
ORD0443,C0856,2025-07-26,服饰,斜挎包,5,133.96,669.8,微信支付,否,小程序
ORD0443,C0856,2025-07-26,配件,钥匙扣,3,39.91,119.73,微信支付,否,小程序
ORD0444,C0429,2024-12-02,服饰,卫衣,1,204.52,204.52,微信支付,否,APP
ORD0444,C0429,2024-12-02,手办,明日香手办,5,328.98,1644.9,微信支付,否,APP
ORD0445,C0493,2024-12-05,盲盒,Yuki盲盒,1,53.97,53.97,银行卡,是,小程序
ORD0445,C0493,2024-12-05,盲盒,海贼王盲盒,1,82.63,82.63,银行卡,是,小程序
ORD0445,C0493,2024-12-05,服饰,卫衣,5,215.43,1077.15,银行卡,是,小程序
ORD0446,C0369,2024-02-14,手办,绫波丽手办,2,318.46,636.92,微信支付,是,APP
ORD0446,C0369,2024-02-14,配件,台灯,2,121.16,242.32,微信支付,是,APP
ORD0446,C0369,2024-02-14,手办,绫波丽手办,1,297.48,297.48,微信支付,是,APP
ORD0447,C0694,2024-05-20,周边,冰箱贴,3,18.83,56.49,支付宝,否,线下
ORD0447,C0694,2024-05-20,周边,徽章,2,42.44,84.88,支付宝,否,线下
ORD0448,C0819,2025-09-30,手办,悟空手办,2,361.34,722.68,支付宝,是,线下
ORD0448,C0819,2025-09-30,周边,徽章,5,38.45,192.25,支付宝,是,线下
ORD0448,C0819,2025-09-30,手办,柯南手办,5,304.22,1521.1,支付宝,是,线下
ORD0449,C0875,2025-07-02,周边,明信片,5,16.41,82.05,支付宝,否,APP
ORD0449,C0875,2025-07-02,服饰,卫衣,1,210.33,210.33,支付宝,否,APP
ORD0450,C0810,2025-11-10,配件,背包,4,259.98,1039.92,银行卡,是,APP
ORD0450,C0810,2025-11-10,手办,蕾姆手办,3,401.03,1203.09,银行卡,是,APP
ORD0450,C0810,2025-11-10,服饰,斜挎包,4,123.02,492.08,银行卡,是,APP
ORD0450,C0810,2025-11-10,服饰,袜子套装,1,46.13,46.13,银行卡,是,APP
ORD0450,C0810,2025-11-10,手办,明日香手办,2,341.73,683.46,银行卡,是,APP
ORD0451,C0314,2025-03-11,周边,海报,1,41.71,41.71,支付宝,是,线下
ORD0451,C0314,2025-03-11,盲盒,Labubu系列盲盒,4,99.37,397.48,支付宝,是,线下
ORD0451,C0314,2025-03-11,手办,海贼王手办,1,257.2,257.2,支付宝,是,线下
ORD0451,C0314,2025-03-11,配件,背包,4,256.47,1025.88,支付宝,是,线下
ORD0452,C0443,2025-02-22,盲盒,迪士尼盲盒,4,74.79,299.16,支付宝,否,小程序
ORD0452,C0443,2025-02-22,盲盒,Yuki盲盒,1,56.58,56.58,支付宝,否,小程序
ORD0452,C0443,2025-02-22,配件,鼠标垫,5,36.01,180.05,支付宝,否,小程序
ORD0452,C0443,2025-02-22,周边,冰箱贴,1,17.55,17.55,支付宝,否,小程序
ORD0452,C0443,2025-02-22,周边,书签,5,23.5,117.5,支付宝,否,小程序
ORD0453,C0202,2025-11-22,手办,海贼王手办,2,284.82,569.64,支付宝,否,小程序
ORD0453,C0202,2025-11-22,配件,耳机壳,1,30.57,30.57,支付宝,否,小程序
ORD0453,C0202,2025-11-22,周边,徽章,4,42.48,169.92,支付宝,否,小程序
ORD0453,C0202,2025-11-22,配件,雨伞,4,60.82,243.28,支付宝,否,小程序
ORD0454,C0780,2024-06-01,服饰,卫衣,5,202.46,1012.3,支付宝,是,APP
ORD0454,C0780,2024-06-01,配件,充电宝,4,95.85,383.4,支付宝,是,APP
ORD0454,C0780,2024-06-01,盲盒,Yuki盲盒,2,58.16,116.32,支付宝,是,APP
ORD0455,C0965,2025-12-15,周边,明信片,5,16.12,80.6,支付宝,否,APP
ORD0455,C0965,2025-12-15,周边,书签,4,26.55,106.2,支付宝,否,APP
ORD0456,C0855,2024-12-29,配件,耳机壳,3,29.5,88.5,支付宝,否,APP
ORD0456,C0855,2024-12-29,配件,雨伞,2,54.91,109.82,支付宝,否,APP
ORD0456,C0855,2024-12-29,周边,T恤,5,107.19,535.95,支付宝,否,APP
ORD0456,C0855,2024-12-29,配件,手机壳,4,46.1,184.4,支付宝,否,APP
ORD0456,C0855,2024-12-29,服饰,围巾,5,86.98,434.9,支付宝,否,APP
ORD0457,C0487,2024-04-21,盲盒,迪士尼盲盒,1,81.76,81.76,支付宝,否,线下
ORD0457,C0487,2024-04-21,手办,柯南手办,5,298.32,1491.6,支付宝,否,线下
ORD0457,C0487,2024-04-21,手办,悟空手办,1,388.53,388.53,支付宝,否,线下
ORD0457,C0487,2024-04-21,服饰,牛仔裤,2,245.17,490.34,支付宝,否,线下
ORD0458,C0676,2025-06-20,手办,蕾姆手办,4,390.31,1561.24,微信支付,是,小程序
ORD0458,C0676,2025-06-20,盲盒,迪士尼盲盒,5,77.71,388.55,微信支付,是,小程序
ORD0459,C0761,2024-03-11,周边,胶带,4,26.09,104.36,支付宝,是,APP
ORD0459,C0761,2024-03-11,配件,耳机壳,5,27.28,136.4,支付宝,是,APP
ORD0459,C0761,2024-03-11,服饰,牛仔裤,2,233.49,466.98,支付宝,是,APP
ORD0460,C0147,2025-04-01,配件,背包,5,278.64,1393.2,微信支付,否,小程序
ORD0460,C0147,2025-04-01,服饰,斜挎包,5,117.11,585.55,微信支付,否,小程序
ORD0460,C0147,2025-04-01,盲盒,Labubu系列盲盒,4,95.97,383.88,微信支付,否,小程序
ORD0461,C0863,2025-12-29,服饰,卫衣,2,214.92,429.84,支付宝,否,小程序
ORD0461,C0863,2025-12-29,服饰,斜挎包,4,139.6,558.4,支付宝,否,小程序
ORD0461,C0863,2025-12-29,手办,海贼王手办,1,253.49,253.49,支付宝,否,小程序
ORD0462,C0969,2024-02-14,盲盒,Bunny盲盒,4,67.78,271.12,微信支付,是,APP
ORD0462,C0969,2024-02-14,配件,水杯,3,41.19,123.57,微信支付,是,APP
ORD0462,C0969,2024-02-14,盲盒,海贼王盲盒,3,87.4,262.2,微信支付,是,APP
ORD0462,C0969,2024-02-14,手办,绫波丽手办,2,329.4,658.8,微信支付,是,APP
ORD0463,C0474,2024-01-28,服饰,连衣裙,4,320.28,1281.12,微信支付,否,线下
ORD0463,C0474,2024-01-28,服饰,拖鞋,1,65.56,65.56,微信支付,否,线下
ORD0463,C0474,2024-01-28,手办,蕾姆手办,4,397.78,1591.12,微信支付,否,线下
ORD0463,C0474,2024-01-28,盲盒,哈利波特盲盒,5,133.05,665.25,微信支付,否,线下
ORD0463,C0474,2024-01-28,服饰,睡衣,4,169.19,676.76,微信支付,否,线下
ORD0464,C0862,2024-06-14,周边,帆布包,5,82.81,414.05,微信支付,否,APP
ORD0464,C0862,2024-06-14,手办,皮卡丘手办,1,413.16,413.16,微信支付,否,APP
ORD0464,C0862,2024-06-14,手办,明日香手办,3,326.52,979.56,微信支付,否,APP
ORD0465,C0732,2024-02-05,配件,水杯,4,46.71,186.84,银行卡,是,线下
ORD0465,C0732,2024-02-05,服饰,拖鞋,5,62.16,310.8,银行卡,是,线下
ORD0466,C0791,2025-01-21,手办,皮卡丘手办,1,392.75,392.75,微信支付,否,APP
ORD0466,C0791,2025-01-21,盲盒,Yuki盲盒,2,61.12,122.24,微信支付,否,APP
ORD0466,C0791,2025-01-21,盲盒,Bunny盲盒,1,73.1,73.1,微信支付,否,APP
ORD0467,C0851,2025-11-11,配件,水杯,3,43.4,130.2,微信支付,是,线下
ORD0467,C0851,2025-11-11,手办,海贼王手办,2,281.5,563.0,微信支付,是,线下
ORD0467,C0851,2025-11-11,服饰,运动鞋,1,377.65,377.65,微信支付,是,线下
ORD0467,C0851,2025-11-11,盲盒,Yuki盲盒,3,55.15,165.45,微信支付,是,线下
ORD0467,C0851,2025-11-11,服饰,连衣裙,1,292.37,292.37,微信支付,是,线下
ORD0468,C0470,2024-08-13,盲盒,哈利波特盲盒,2,126.71,253.42,微信支付,否,线下
ORD0468,C0470,2024-08-13,配件,充电宝,1,103.21,103.21,微信支付,否,线下
ORD0468,C0470,2024-08-13,配件,蓝牙音箱,3,217.27,651.81,微信支付,否,线下
ORD0468,C0470,2024-08-13,配件,背包,4,268.22,1072.88,微信支付,否,线下
ORD0469,C0996,2025-12-11,服饰,围巾,3,80.41,241.23,微信支付,是,小程序
ORD0469,C0996,2025-12-11,配件,充电宝,4,99.22,396.88,微信支付,是,小程序
ORD0469,C0996,2025-12-11,手办,喷火龙手办,5,290.42,1452.1,微信支付,是,小程序
ORD0469,C0996,2025-12-11,盲盒,Bunny盲盒,1,70.61,70.61,微信支付,是,小程序
ORD0470,C0919,2024-05-07,配件,水杯,1,41.74,41.74,支付宝,否,APP
ORD0470,C0919,2024-05-07,服饰,牛仔裤,2,240.96,481.92,支付宝,否,APP
ORD0470,C0919,2024-05-07,手办,柯南手办,2,324.32,648.64,支付宝,否,APP
ORD0471,C0613,2025-03-30,盲盒,海贼王盲盒,4,91.64,366.56,银行卡,是,小程序
ORD0471,C0613,2025-03-30,周边,书签,2,26.73,53.46,银行卡,是,小程序
ORD0471,C0613,2025-03-30,周边,徽章,2,36.71,73.42,银行卡,是,小程序
ORD0471,C0613,2025-03-30,盲盒,Bunny盲盒,2,70.49,140.98,银行卡,是,小程序
ORD0472,C0391,2025-06-17,盲盒,A仔盲盒,1,53.45,53.45,支付宝,否,APP
ORD0472,C0391,2025-06-17,盲盒,迪士尼盲盒,2,73.08,146.16,支付宝,否,APP
ORD0473,C0178,2025-08-29,服饰,斜挎包,3,120.34,361.02,银行卡,是,APP
ORD0473,C0178,2025-08-29,手办,悟空手办,4,335.77,1343.08,银行卡,是,APP
ORD0474,C0255,2024-11-06,周边,钥匙扣,1,31.62,31.62,支付宝,否,线下
ORD0474,C0255,2024-11-06,周边,胶带,4,26.14,104.56,支付宝,否,线下
ORD0474,C0255,2024-11-06,服饰,运动鞋,5,407.73,2038.65,支付宝,否,线下
ORD0475,C0444,2024-06-08,盲盒,Labubu系列盲盒,5,99.74,498.7,支付宝,否,APP
ORD0475,C0444,2024-06-08,配件,蓝牙音箱,3,194.24,582.72,支付宝,否,APP
ORD0475,C0444,2024-06-08,周边,钥匙扣,3,28.28,84.84,支付宝,否,APP
ORD0475,C0444,2024-06-08,配件,充电宝,1,95.7,95.7,支付宝,否,APP
ORD0475,C0444,2024-06-08,服饰,卫衣,2,215.56,431.12,支付宝,否,APP
ORD0476,C0005,2024-01-14,服饰,运动鞋,4,436.55,1746.2,银行卡,否,线下
ORD0476,C0005,2024-01-14,周边,胶带,4,26.92,107.68,银行卡,否,线下
ORD0476,C0005,2024-01-14,配件,水杯,4,48.46,193.84,银行卡,否,线下
ORD0476,C0005,2024-01-14,盲盒,潘神盲盒,5,73.67,368.35,银行卡,否,线下
ORD0476,C0005,2024-01-14,服饰,牛仔裤,3,259.5,778.5,银行卡,否,线下
ORD0477,C0501,2025-10-12,服饰,卫衣,2,198.11,396.22,银行卡,否,小程序
ORD0477,C0501,2025-10-12,周边,书签,2,23.81,47.62,银行卡,否,小程序
ORD0477,C0501,2025-10-12,服饰,睡衣,3,150.97,452.91,银行卡,否,小程序
ORD0477,C0501,2025-10-12,配件,蓝牙音箱,1,183.75,183.75,银行卡,否,小程序
ORD0477,C0501,2025-10-12,盲盒,潘神盲盒,4,82.26,329.04,银行卡,否,小程序
ORD0478,C0998,2024-03-23,服饰,牛仔裤,3,259.03,777.09,银行卡,否,APP
ORD0478,C0998,2024-03-23,配件,手机壳,5,47.12,235.6,银行卡,否,APP
ORD0478,C0998,2024-03-23,服饰,围巾,1,91.42,91.42,银行卡,否,APP
ORD0479,C0796,2024-12-18,周边,书签,2,26.58,53.16,微信支付,否,小程序
ORD0479,C0796,2024-12-18,盲盒,哈利波特盲盒,1,136.06,136.06,微信支付,否,小程序
ORD0479,C0796,2024-12-18,服饰,帽子,4,81.44,325.76,微信支付,否,小程序
ORD0479,C0796,2024-12-18,服饰,睡衣,2,155.01,310.02,微信支付,否,小程序
ORD0479,C0796,2024-12-18,手办,悟空手办,4,336.17,1344.68,微信支付,否,小程序
ORD0480,C0972,2024-04-22,手办,柯南手办,2,317.49,634.98,支付宝,否,线下
ORD0480,C0972,2024-04-22,手办,绫波丽手办,4,325.1,1300.4,支付宝,否,线下
ORD0480,C0972,2024-04-22,配件,水杯,2,41.22,82.44,支付宝,否,线下
ORD0481,C0088,2025-01-21,配件,台灯,4,128.62,514.48,微信支付,是,小程序
ORD0481,C0088,2025-01-21,盲盒,Molly系列盲盒,1,84.84,84.84,微信支付,是,小程序
ORD0482,C0979,2024-01-08,盲盒,Bunny盲盒,5,73.03,365.15,银行卡,否,线下
ORD0482,C0979,2024-01-08,服饰,袜子套装,5,53.77,268.85,银行卡,否,线下
ORD0483,C0780,2024-09-29,周边,徽章,3,42.9,128.7,支付宝,否,小程序
ORD0483,C0780,2024-09-29,手办,蕾姆手办,4,389.3,1557.2,支付宝,否,小程序
ORD0483,C0780,2024-09-29,盲盒,Yuki盲盒,3,62.61,187.83,支付宝,否,小程序
ORD0483,C0780,2024-09-29,盲盒,A仔盲盒,4,51.21,204.84,支付宝,否,小程序
ORD0483,C0780,2024-09-29,手办,柯南手办,5,276.45,1382.25,支付宝,否,小程序
ORD0484,C0544,2024-10-13,配件,手机壳,2,44.13,88.26,银行卡,否,APP
ORD0484,C0544,2024-10-13,周边,书签,3,26.87,80.61,银行卡,否,APP
ORD0484,C0544,2024-10-13,周边,钥匙扣,2,29.62,59.24,银行卡,否,APP
ORD0484,C0544,2024-10-13,服饰,袜子套装,1,47.51,47.51,银行卡,否,APP
ORD0484,C0544,2024-10-13,服饰,围巾,4,85.33,341.32,银行卡,否,APP
ORD0485,C0200,2025-12-30,手办,明日香手办,1,335.13,335.13,微信支付,否,线下
ORD0485,C0200,2025-12-30,配件,充电宝,2,106.85,213.7,微信支付,否,线下
ORD0486,C0978,2024-04-28,手办,佐助手办,1,238.56,238.56,支付宝,否,线下
ORD0486,C0978,2024-04-28,盲盒,迪士尼盲盒,3,85.36,256.08,支付宝,否,线下
ORD0486,C0978,2024-04-28,周边,冰箱贴,3,19.63,58.89,支付宝,否,线下
ORD0487,C0975,2025-11-17,盲盒,Yuki盲盒,2,64.1,128.2,微信支付,是,线下
ORD0487,C0975,2025-11-17,配件,水杯,3,43.89,131.67,微信支付,是,线下
ORD0487,C0975,2025-11-17,服饰,帽子,4,83.87,335.48,微信支付,是,线下
ORD0487,C0975,2025-11-17,手办,绫波丽手办,1,315.25,315.25,微信支付,是,线下
ORD0487,C0975,2025-11-17,盲盒,哈利波特盲盒,3,135.21,405.63,微信支付,是,线下
ORD0488,C0960,2024-07-11,周边,胶带,5,29.33,146.65,银行卡,否,APP
ORD0488,C0960,2024-07-11,周边,书签,5,25.18,125.9,银行卡,否,APP
ORD0488,C0960,2024-07-11,服饰,运动鞋,3,420.65,1261.95,银行卡,否,APP
ORD0489,C0817,2025-11-26,盲盒,潘神盲盒,1,79.61,79.61,微信支付,否,线下
ORD0489,C0817,2025-11-26,服饰,连衣裙,2,317.91,635.82,微信支付,否,线下
ORD0489,C0817,2025-11-26,周边,冰箱贴,4,19.68,78.72,微信支付,否,线下
ORD0490,C0151,2025-09-07,配件,背包,3,259.12,777.36,支付宝,否,APP
ORD0490,C0151,2025-09-07,盲盒,Labubu系列盲盒,5,98.57,492.85,支付宝,否,APP
ORD0491,C0849,2024-08-08,盲盒,Yuki盲盒,2,62.87,125.74,支付宝,否,小程序
ORD0491,C0849,2024-08-08,手办,悟空手办,1,389.38,389.38,支付宝,否,小程序
ORD0491,C0849,2024-08-08,手办,明日香手办,4,334.98,1339.92,支付宝,否,小程序
ORD0491,C0849,2024-08-08,手办,柯南手办,5,292.56,1462.8,支付宝,否,小程序
ORD0491,C0849,2024-08-08,服饰,斜挎包,3,135.65,406.95,支付宝,否,小程序
ORD0492,C0401,2024-03-14,配件,手机壳,1,45.38,45.38,银行卡,是,线下
ORD0492,C0401,2024-03-14,配件,雨伞,3,58.5,175.5,银行卡,是,线下
ORD0492,C0401,2024-03-14,手办,海贼王手办,2,255.99,511.98,银行卡,是,线下
ORD0493,C0495,2024-10-25,盲盒,Yuki盲盒,5,54.3,271.5,微信支付,是,APP
ORD0493,C0495,2024-10-25,手办,高达模型,4,309.73,1238.92,微信支付,是,APP
ORD0493,C0495,2024-10-25,手办,柯南手办,1,290.36,290.36,微信支付,是,APP
ORD0494,C0486,2024-07-02,配件,手机壳,2,50.24,100.48,微信支付,否,APP
ORD0494,C0486,2024-07-02,服饰,卫衣,1,183.83,183.83,微信支付,否,APP
ORD0494,C0486,2024-07-02,服饰,斜挎包,3,133.85,401.55,微信支付,否,APP
ORD0494,C0486,2024-07-02,手办,高达模型,1,315.61,315.61,微信支付,否,APP
ORD0495,C0886,2025-10-27,周边,书签,1,23.08,23.08,支付宝,否,小程序
ORD0495,C0886,2025-10-27,盲盒,A仔盲盒,5,46.3,231.5,支付宝,否,小程序
ORD0495,C0886,2025-10-27,配件,钥匙扣,5,38.84,194.2,支付宝,否,小程序
ORD0495,C0886,2025-10-27,盲盒,火影忍者盲盒,2,67.4,134.8,支付宝,否,小程序
ORD0495,C0886,2025-10-27,服饰,牛仔裤,5,239.59,1197.95,支付宝,否,小程序
ORD0496,C0334,2024-03-06,服饰,帽子,5,83.48,417.4,银行卡,是,线下
ORD0496,C0334,2024-03-06,配件,充电宝,1,99.37,99.37,银行卡,是,线下
ORD0497,C0599,2025-07-05,盲盒,迪士尼盲盒,5,82.08,410.4,银行卡,是,线下
ORD0497,C0599,2025-07-05,盲盒,海贼王盲盒,4,94.35,377.4,银行卡,是,线下
ORD0497,C0599,2025-07-05,盲盒,Molly系列盲盒,2,90.34,180.68,银行卡,是,线下
ORD0498,C0669,2024-06-14,盲盒,哈利波特盲盒,5,123.8,619.0,微信支付,是,线下
ORD0498,C0669,2024-06-14,配件,蓝牙音箱,4,217.99,871.96,微信支付,是,线下
ORD0499,C0674,2024-01-01,配件,充电宝,2,100.53,201.06,微信支付,是,小程序
ORD0499,C0674,2024-01-01,周边,海报,3,45.96,137.88,微信支付,是,小程序
ORD0499,C0674,2024-01-01,配件,台灯,1,133.2,133.2,微信支付,是,小程序
ORD0499,C0674,2024-01-01,盲盒,Bunny盲盒,1,64.7,64.7,微信支付,是,小程序
ORD0500,C0307,2024-08-08,周边,明信片,5,14.77,73.85,微信支付,否,线下
ORD0500,C0307,2024-08-08,配件,耳机壳,3,28.31,84.93,微信支付,否,线下
ORD0500,C0307,2024-08-08,手办,高达模型,4,274.08,1096.32,微信支付,否,线下
ORD0500,C0307,2024-08-08,周边,胶带,2,28.2,56.4,微信支付,否,线下
ORD0501,C0073,2025-10-06,周边,T恤,5,101.08,505.4,银行卡,否,小程序
ORD0501,C0073,2025-10-06,服饰,睡衣,3,174.66,523.98,银行卡,否,小程序
ORD0501,C0073,2025-10-06,服饰,运动鞋,1,436.03,436.03,银行卡,否,小程序
ORD0502,C0254,2024-03-20,盲盒,Yuki盲盒,1,57.38,57.38,支付宝,否,APP
ORD0502,C0254,2024-03-20,周边,文件夹,2,37.58,75.16,支付宝,否,APP
ORD0502,C0254,2024-03-20,手办,绫波丽手办,1,302.54,302.54,支付宝,否,APP
ORD0502,C0254,2024-03-20,手办,高达模型,1,315.91,315.91,支付宝,否,APP
ORD0502,C0254,2024-03-20,盲盒,迪士尼盲盒,5,82.61,413.05,支付宝,否,APP
ORD0503,C0314,2025-08-25,配件,耳机壳,5,26.67,133.35,支付宝,否,APP
ORD0503,C0314,2025-08-25,盲盒,迪士尼盲盒,3,86.05,258.15,支付宝,否,APP
ORD0503,C0314,2025-08-25,服饰,睡衣,3,168.73,506.19,支付宝,否,APP
ORD0503,C0314,2025-08-25,配件,鼠标垫,5,37.67,188.35,支付宝,否,APP
ORD0504,C0413,2025-05-03,手办,佐助手办,4,262.5,1050.0,银行卡,是,APP
ORD0504,C0413,2025-05-03,周边,书签,3,26.04,78.12,银行卡,是,APP
ORD0504,C0413,2025-05-03,手办,海贼王手办,4,269.71,1078.84,银行卡,是,APP
ORD0505,C0188,2025-03-25,服饰,帽子,2,75.92,151.84,支付宝,否,小程序
ORD0505,C0188,2025-03-25,盲盒,Labubu系列盲盒,4,104.36,417.44,支付宝,否,小程序
ORD0505,C0188,2025-03-25,盲盒,哈利波特盲盒,1,134.93,134.93,支付宝,否,小程序
ORD0505,C0188,2025-03-25,盲盒,迪士尼盲盒,5,72.01,360.05,支付宝,否,小程序
ORD0506,C0762,2024-10-19,服饰,帽子,2,78.68,157.36,银行卡,否,小程序
ORD0506,C0762,2024-10-19,配件,鼠标垫,1,34.34,34.34,银行卡,否,小程序
ORD0507,C0632,2024-07-13,手办,喷火龙手办,5,253.46,1267.3,银行卡,否,APP
ORD0507,C0632,2024-07-13,服饰,睡衣,5,171.84,859.2,银行卡,否,APP
ORD0507,C0632,2024-07-13,手办,皮卡丘手办,3,426.08,1278.24,银行卡,否,APP
ORD0507,C0632,2024-07-13,配件,背包,1,255.0,255.0,银行卡,否,APP
ORD0508,C0389,2024-06-23,配件,水杯,3,43.19,129.57,支付宝,否,APP
ORD0508,C0389,2024-06-23,周边,文件夹,2,31.52,63.04,支付宝,否,APP
ORD0508,C0389,2024-06-23,配件,手机壳,2,53.15,106.3,支付宝,否,APP
ORD0509,C0952,2025-10-20,盲盒,Yuki盲盒,1,60.36,60.36,银行卡,否,APP
ORD0509,C0952,2025-10-20,周边,文件夹,3,32.25,96.75,银行卡,否,APP
ORD0509,C0952,2025-10-20,周边,明信片,4,14.56,58.24,银行卡,否,APP
ORD0509,C0952,2025-10-20,盲盒,潘神盲盒,4,74.22,296.88,银行卡,否,APP
ORD0509,C0952,2025-10-20,配件,鼠标垫,2,34.38,68.76,银行卡,否,APP
ORD0510,C0936,2025-05-14,手办,明日香手办,4,340.23,1360.92,微信支付,否,APP
ORD0510,C0936,2025-05-14,周边,胶带,2,28.2,56.4,微信支付,否,APP
ORD0510,C0936,2025-05-14,周边,帆布包,4,81.47,325.88,微信支付,否,APP
ORD0510,C0936,2025-05-14,服饰,睡衣,2,154.35,308.7,微信支付,否,APP
ORD0511,C0445,2024-01-06,周边,书签,2,24.47,48.94,支付宝,是,线下
ORD0511,C0445,2024-01-06,周边,书签,2,25.83,51.66,支付宝,是,线下
ORD0511,C0445,2024-01-06,服饰,牛仔裤,1,254.91,254.91,支付宝,是,线下
ORD0512,C0564,2025-05-22,配件,手机壳,2,45.18,90.36,银行卡,是,线下
ORD0512,C0564,2025-05-22,盲盒,Molly系列盲盒,2,82.87,165.74,银行卡,是,线下
ORD0512,C0564,2025-05-22,配件,雨伞,2,53.71,107.42,银行卡,是,线下
ORD0512,C0564,2025-05-22,周边,胶带,5,29.33,146.65,银行卡,是,线下
ORD0512,C0564,2025-05-22,服饰,斜挎包,3,123.38,370.14,银行卡,是,线下
ORD0513,C0085,2025-03-15,手办,绫波丽手办,1,352.96,352.96,微信支付,是,线下
ORD0513,C0085,2025-03-15,手办,高达模型,2,297.44,594.88,微信支付,是,线下
ORD0513,C0085,2025-03-15,盲盒,海贼王盲盒,5,83.33,416.65,微信支付,是,线下
ORD0514,C0876,2025-08-28,手办,高达模型,1,285.48,285.48,银行卡,是,线下
ORD0514,C0876,2025-08-28,手办,佐助手办,4,234.01,936.04,银行卡,是,线下
ORD0515,C0205,2024-04-03,手办,悟空手办,3,353.69,1061.07,微信支付,否,小程序
ORD0515,C0205,2024-04-03,盲盒,海贼王盲盒,4,91.56,366.24,微信支付,否,小程序
ORD0515,C0205,2024-04-03,周边,帆布包,3,76.84,230.52,微信支付,否,小程序
ORD0515,C0205,2024-04-03,周边,胶带,2,26.99,53.98,微信支付,否,小程序
ORD0516,C0049,2024-07-05,手办,绫波丽手办,4,314.53,1258.12,微信支付,是,APP
ORD0516,C0049,2024-07-05,配件,水杯,4,42.16,168.64,微信支付,是,APP
ORD0516,C0049,2024-07-05,服饰,连衣裙,3,287.3,861.9,微信支付,是,APP
ORD0516,C0049,2024-07-05,盲盒,Molly系列盲盒,5,93.81,469.05,微信支付,是,APP
ORD0517,C0134,2024-12-05,手办,绫波丽手办,2,334.55,669.1,支付宝,否,线下
ORD0517,C0134,2024-12-05,盲盒,哈利波特盲盒,2,132.34,264.68,支付宝,否,线下
ORD0517,C0134,2024-12-05,配件,水杯,1,45.78,45.78,支付宝,否,线下
ORD0517,C0134,2024-12-05,手办,悟空手办,4,389.55,1558.2,支付宝,否,线下
ORD0518,C0077,2025-07-13,手办,喷火龙手办,2,253.54,507.08,银行卡,否,小程序
ORD0518,C0077,2025-07-13,手办,高达模型,5,311.65,1558.25,银行卡,否,小程序
ORD0518,C0077,2025-07-13,配件,背包,3,256.33,768.99,银行卡,否,小程序
ORD0518,C0077,2025-07-13,盲盒,潘神盲盒,1,78.73,78.73,银行卡,否,小程序
ORD0518,C0077,2025-07-13,配件,鼠标垫,1,32.67,32.67,银行卡,否,小程序
ORD0519,C0281,2025-12-14,手办,高达模型,4,310.04,1240.16,微信支付,是,小程序
ORD0519,C0281,2025-12-14,配件,水杯,2,44.44,88.88,微信支付,是,小程序
ORD0520,C0522,2025-01-28,手办,佐助手办,1,241.39,241.39,银行卡,否,小程序
ORD0520,C0522,2025-01-28,手办,海贼王手办,1,278.64,278.64,银行卡,否,小程序
ORD0520,C0522,2025-01-28,配件,充电宝,5,103.11,515.55,银行卡,否,小程序
ORD0520,C0522,2025-01-28,配件,耳机壳,3,31.04,93.12,银行卡,否,小程序
ORD0521,C0304,2025-12-26,盲盒,海贼王盲盒,2,85.29,170.58,支付宝,是,线下
ORD0521,C0304,2025-12-26,手办,绫波丽手办,2,313.89,627.78,支付宝,是,线下
ORD0521,C0304,2025-12-26,盲盒,Bunny盲盒,2,69.48,138.96,支付宝,是,线下
ORD0522,C0002,2025-10-26,周边,帆布包,5,75.27,376.35,支付宝,否,线下
ORD0522,C0002,2025-10-26,手办,高达模型,5,286.73,1433.65,支付宝,否,线下
ORD0522,C0002,2025-10-26,盲盒,Molly系列盲盒,3,84.0,252.0,支付宝,否,线下
ORD0522,C0002,2025-10-26,周边,明信片,3,16.41,49.23,支付宝,否,线下
ORD0523,C0551,2025-11-04,周边,T恤,5,93.18,465.9,银行卡,否,APP
ORD0523,C0551,2025-11-04,服饰,卫衣,3,189.8,569.4,银行卡,否,APP
ORD0523,C0551,2025-11-04,配件,手机壳,2,48.47,96.94,银行卡,否,APP
ORD0523,C0551,2025-11-04,服饰,连衣裙,2,323.05,646.1,银行卡,否,APP
ORD0523,C0551,2025-11-04,盲盒,A仔盲盒,2,48.6,97.2,银行卡,否,APP
ORD0524,C0836,2024-06-29,周边,书签,3,23.31,69.93,微信支付,否,线下
ORD0524,C0836,2024-06-29,手办,高达模型,5,280.33,1401.65,微信支付,否,线下
ORD0524,C0836,2024-06-29,手办,皮卡丘手办,4,378.67,1514.68,微信支付,否,线下
ORD0525,C0931,2025-10-22,盲盒,火影忍者盲盒,1,67.31,67.31,支付宝,否,APP
ORD0525,C0931,2025-10-22,盲盒,哈利波特盲盒,1,135.8,135.8,支付宝,否,APP
ORD0525,C0931,2025-10-22,盲盒,迪士尼盲盒,2,83.27,166.54,支付宝,否,APP
ORD0526,C0275,2024-05-26,盲盒,海贼王盲盒,3,95.28,285.84,银行卡,是,线下
ORD0526,C0275,2024-05-26,盲盒,Bunny盲盒,2,68.73,137.46,银行卡,是,线下
ORD0527,C0577,2025-03-30,手办,柯南手办,5,310.48,1552.4,微信支付,否,小程序
ORD0527,C0577,2025-03-30,配件,水杯,1,47.92,47.92,微信支付,否,小程序
ORD0527,C0577,2025-03-30,盲盒,海贼王盲盒,3,81.93,245.79,微信支付,否,小程序
ORD0528,C0908,2025-03-01,手办,高达模型,4,277.91,1111.64,微信支付,否,APP
ORD0528,C0908,2025-03-01,周边,冰箱贴,4,19.71,78.84,微信支付,否,APP
ORD0529,C0733,2024-04-25,盲盒,Labubu系列盲盒,3,90.61,271.83,支付宝,否,APP
ORD0529,C0733,2024-04-25,周边,帆布包,3,85.69,257.07,支付宝,否,APP
ORD0529,C0733,2024-04-25,盲盒,Molly系列盲盒,5,82.79,413.95,支付宝,否,APP
ORD0530,C0439,2025-06-27,手办,绫波丽手办,5,349.9,1749.5,支付宝,是,线下
ORD0530,C0439,2025-06-27,周边,帆布包,3,85.58,256.74,支付宝,是,线下
ORD0530,C0439,2025-06-27,周边,文件夹,1,37.02,37.02,支付宝,是,线下
ORD0530,C0439,2025-06-27,手办,佐助手办,3,240.76,722.28,支付宝,是,线下
ORD0530,C0439,2025-06-27,服饰,斜挎包,1,119.02,119.02,支付宝,是,线下
ORD0531,C0438,2024-10-12,手办,高达模型,3,288.2,864.6,微信支付,否,APP
ORD0531,C0438,2024-10-12,服饰,斜挎包,4,131.62,526.48,微信支付,否,APP
ORD0531,C0438,2024-10-12,周边,明信片,2,14.65,29.3,微信支付,否,APP
ORD0532,C0563,2025-05-24,服饰,围巾,5,92.83,464.15,银行卡,否,线下
ORD0532,C0563,2025-05-24,配件,钥匙扣,2,40.58,81.16,银行卡,否,线下
ORD0532,C0563,2025-05-24,手办,蕾姆手办,1,375.32,375.32,银行卡,否,线下
ORD0533,C0872,2024-01-18,盲盒,Molly系列盲盒,3,86.52,259.56,支付宝,否,线下
ORD0533,C0872,2024-01-18,手办,绫波丽手办,4,305.58,1222.32,支付宝,否,线下
ORD0533,C0872,2024-01-18,配件,手机壳,2,46.17,92.34,支付宝,否,线下
ORD0534,C0230,2024-02-27,服饰,拖鞋,4,67.23,268.92,银行卡,是,APP
ORD0534,C0230,2024-02-27,盲盒,火影忍者盲盒,1,68.68,68.68,银行卡,是,APP
ORD0534,C0230,2024-02-27,配件,蓝牙音箱,1,184.95,184.95,银行卡,是,APP
ORD0535,C0145,2024-03-21,手办,佐助手办,4,271.62,1086.48,微信支付,是,APP
ORD0535,C0145,2024-03-21,配件,耳机壳,4,28.49,113.96,微信支付,是,APP
ORD0535,C0145,2024-03-21,周边,钥匙扣,1,27.76,27.76,微信支付,是,APP
ORD0535,C0145,2024-03-21,手办,柯南手办,1,305.23,305.23,微信支付,是,APP
ORD0535,C0145,2024-03-21,手办,喷火龙手办,2,251.71,503.42,微信支付,是,APP
ORD0536,C0853,2025-03-09,配件,鼠标垫,3,36.47,109.41,银行卡,否,小程序
ORD0536,C0853,2025-03-09,服饰,睡衣,3,174.05,522.15,银行卡,否,小程序
ORD0536,C0853,2025-03-09,配件,手机壳,2,51.38,102.76,银行卡,否,小程序
ORD0536,C0853,2025-03-09,服饰,袜子套装,1,46.25,46.25,银行卡,否,小程序
ORD0537,C0189,2025-07-26,服饰,连衣裙,4,318.57,1274.28,银行卡,否,APP
ORD0537,C0189,2025-07-26,手办,柯南手办,3,307.77,923.31,银行卡,否,APP
ORD0537,C0189,2025-07-26,手办,绫波丽手办,1,302.97,302.97,银行卡,否,APP
ORD0537,C0189,2025-07-26,周边,T恤,3,89.66,268.98,银行卡,否,APP
ORD0537,C0189,2025-07-26,周边,明信片,5,13.82,69.1,银行卡,否,APP
ORD0538,C0217,2025-09-03,盲盒,Bunny盲盒,3,63.27,189.81,微信支付,是,小程序
ORD0538,C0217,2025-09-03,配件,钥匙扣,1,39.5,39.5,微信支付,是,小程序
ORD0538,C0217,2025-09-03,服饰,拖鞋,1,66.44,66.44,微信支付,是,小程序
ORD0539,C0967,2024-11-12,配件,台灯,3,135.5,406.5,微信支付,否,小程序
ORD0539,C0967,2024-11-12,周边,明信片,1,14.49,14.49,微信支付,否,小程序
ORD0539,C0967,2024-11-12,配件,水杯,5,47.77,238.85,微信支付,否,小程序
ORD0539,C0967,2024-11-12,手办,柯南手办,5,316.7,1583.5,微信支付,否,小程序
ORD0539,C0967,2024-11-12,服饰,袜子套装,1,46.94,46.94,微信支付,否,小程序
ORD0540,C0156,2025-11-29,手办,悟空手办,2,378.3,756.6,支付宝,否,APP
ORD0540,C0156,2025-11-29,手办,喷火龙手办,5,306.47,1532.35,支付宝,否,APP
ORD0541,C0624,2025-10-29,周边,文件夹,3,35.86,107.58,银行卡,否,小程序
ORD0541,C0624,2025-10-29,服饰,拖鞋,4,65.4,261.6,银行卡,否,小程序
ORD0541,C0624,2025-10-29,配件,钥匙扣,1,42.57,42.57,银行卡,否,小程序
ORD0542,C0581,2025-10-04,周边,海报,1,44.99,44.99,支付宝,否,APP
ORD0542,C0581,2025-10-04,服饰,连衣裙,2,324.96,649.92,支付宝,否,APP
ORD0542,C0581,2025-10-04,手办,皮卡丘手办,3,405.11,1215.33,支付宝,否,APP
ORD0543,C0362,2024-04-01,周边,钥匙扣,3,30.53,91.59,微信支付,否,APP
ORD0543,C0362,2024-04-01,服饰,睡衣,1,174.0,174.0,微信支付,否,APP
ORD0543,C0362,2024-04-01,服饰,拖鞋,3,73.95,221.85,微信支付,否,APP
ORD0543,C0362,2024-04-01,服饰,运动鞋,5,432.29,2161.45,微信支付,否,APP
ORD0543,C0362,2024-04-01,手办,明日香手办,3,349.87,1049.61,微信支付,否,APP
ORD0544,C0640,2024-11-17,周边,书签,5,27.39,136.95,支付宝,否,APP
ORD0544,C0640,2024-11-17,盲盒,Bunny盲盒,5,62.21,311.05,支付宝,否,APP
ORD0544,C0640,2024-11-17,盲盒,Labubu系列盲盒,4,92.23,368.92,支付宝,否,APP
ORD0544,C0640,2024-11-17,服饰,围巾,2,87.01,174.02,支付宝,否,APP
ORD0544,C0640,2024-11-17,服饰,围巾,3,88.39,265.17,支付宝,否,APP
ORD0545,C0658,2025-07-01,服饰,运动鞋,2,391.14,782.28,支付宝,是,APP
ORD0545,C0658,2025-07-01,盲盒,Yuki盲盒,3,64.86,194.58,支付宝,是,APP
ORD0546,C0498,2024-08-05,服饰,拖鞋,5,64.25,321.25,银行卡,否,线下
ORD0546,C0498,2024-08-05,服饰,睡衣,2,153.28,306.56,银行卡,否,线下
ORD0546,C0498,2024-08-05,盲盒,火影忍者盲盒,4,62.96,251.84,银行卡,否,线下
ORD0546,C0498,2024-08-05,周边,胶带,4,26.4,105.6,银行卡,否,线下
ORD0547,C0217,2024-01-24,盲盒,迪士尼盲盒,1,75.43,75.43,银行卡,是,小程序
ORD0547,C0217,2024-01-24,盲盒,Labubu系列盲盒,4,106.35,425.4,银行卡,是,小程序
ORD0547,C0217,2024-01-24,配件,台灯,3,120.85,362.55,银行卡,是,小程序
ORD0548,C0056,2024-04-04,手办,悟空手办,3,390.73,1172.19,支付宝,否,小程序
ORD0548,C0056,2024-04-04,服饰,斜挎包,5,133.87,669.35,支付宝,否,小程序
ORD0548,C0056,2024-04-04,手办,高达模型,3,323.67,971.01,支付宝,否,小程序
ORD0548,C0056,2024-04-04,配件,手机壳,1,49.6,49.6,支付宝,否,小程序
ORD0549,C0916,2025-09-03,周边,徽章,1,36.27,36.27,微信支付,否,APP
ORD0549,C0916,2025-09-03,服饰,睡衣,4,170.58,682.32,微信支付,否,APP
ORD0549,C0916,2025-09-03,盲盒,潘神盲盒,3,79.33,237.99,微信支付,否,APP
ORD0550,C0004,2025-04-06,盲盒,Bunny盲盒,2,67.9,135.8,微信支付,否,线下
ORD0550,C0004,2025-04-06,配件,蓝牙音箱,5,194.13,970.65,微信支付,否,线下
ORD0551,C0357,2024-08-02,周边,徽章,1,37.46,37.46,微信支付,否,线下
ORD0551,C0357,2024-08-02,周边,海报,1,46.79,46.79,微信支付,否,线下
ORD0552,C0665,2025-04-11,配件,背包,1,281.08,281.08,支付宝,否,小程序
ORD0552,C0665,2025-04-11,服饰,运动鞋,3,373.22,1119.66,支付宝,否,小程序
ORD0552,C0665,2025-04-11,配件,蓝牙音箱,5,196.45,982.25,支付宝,否,小程序
ORD0552,C0665,2025-04-11,周边,胶带,3,29.13,87.39,支付宝,否,小程序
ORD0552,C0665,2025-04-11,盲盒,哈利波特盲盒,1,118.41,118.41,支付宝,否,小程序
ORD0553,C0017,2025-09-23,服饰,帽子,5,83.83,419.15,支付宝,否,APP
ORD0553,C0017,2025-09-23,周边,胶带,2,26.45,52.9,支付宝,否,APP
ORD0554,C0466,2025-07-18,盲盒,Yuki盲盒,4,57.97,231.88,支付宝,是,APP
ORD0554,C0466,2025-07-18,服饰,拖鞋,3,72.89,218.67,支付宝,是,APP
ORD0554,C0466,2025-07-18,配件,耳机壳,3,31.2,93.6,支付宝,是,APP
ORD0554,C0466,2025-07-18,周边,文件夹,4,36.21,144.84,支付宝,是,APP
ORD0554,C0466,2025-07-18,盲盒,潘神盲盒,1,71.35,71.35,支付宝,是,APP
ORD0555,C0158,2025-01-18,手办,海贼王手办,4,245.63,982.52,银行卡,否,线下
ORD0555,C0158,2025-01-18,服饰,卫衣,5,204.75,1023.75,银行卡,否,线下
ORD0555,C0158,2025-01-18,盲盒,火影忍者盲盒,4,63.88,255.52,银行卡,否,线下
ORD0555,C0158,2025-01-18,服饰,睡衣,4,171.85,687.4,银行卡,否,线下
ORD0556,C0530,2024-06-11,配件,水杯,5,47.56,237.8,支付宝,是,APP
ORD0556,C0530,2024-06-11,周边,海报,2,49.04,98.08,支付宝,是,APP
ORD0556,C0530,2024-06-11,手办,皮卡丘手办,1,361.15,361.15,支付宝,是,APP
ORD0557,C0012,2025-10-05,配件,手机壳,1,51.37,51.37,银行卡,是,APP
ORD0557,C0012,2025-10-05,手办,明日香手办,3,327.12,981.36,银行卡,是,APP
